"U:0","U:1","U:2","k","nut","omega","p","vtkValidPointMask","arc_length","Points:0","Points:1","Points:2"
33.406,0,-1.8597e-20,29.676,0.28343,104.67,147.29,1,0,4,-1.5,0.055
33.498,-0.11291,-1.7932e-20,29.602,0.28251,104.78,146.61,1,0.007,4,-1.493,0.055
33.591,-0.22583,-1.7268e-20,29.528,0.28158,104.88,145.93,1,0.014,4,-1.486,0.055
33.683,-0.33874,-1.6603e-20,29.454,0.28066,104.98,145.26,1,0.021,4,-1.479,0.055
33.776,-0.45165,-1.5939e-20,29.38,0.27974,105.09,144.58,1,0.028,4,-1.472,0.055
33.868,-0.56456,-1.5274e-20,29.305,0.27881,105.19,143.9,1,0.035,4,-1.465,0.055
33.96,-0.67748,-1.4609e-20,29.231,0.27789,105.29,143.22,1,0.042,4,-1.458,0.055
34.053,-0.79039,-1.3945e-20,29.157,0.27697,105.4,142.55,1,0.049,4,-1.451,0.055
34.145,-0.9033,-1.328e-20,29.083,0.27604,105.5,141.87,1,0.056,4,-1.444,0.055
34.238,-1.0162,-1.2616e-20,29.009,0.27512,105.6,141.19,1,0.063,4,-1.437,0.055
34.33,-1.1291,-1.1951e-20,28.935,0.2742,105.71,140.51,1,0.07,4,-1.43,0.055
34.422,-1.242,-1.1286e-20,28.861,0.27328,105.81,139.84,1,0.077,4,-1.423,0.055
34.515,-1.355,-1.0622e-20,28.787,0.27235,105.91,139.16,1,0.084,4,-1.416,0.055
34.607,-1.4679,-9.9573e-21,28.713,0.27143,106.02,138.48,1,0.091,4,-1.409,0.055
34.7,-1.5808,-9.2928e-21,28.638,0.27051,106.12,137.8,1,0.098,4,-1.402,0.055
34.792,-1.6937,-8.6283e-21,28.564,0.26958,106.22,137.13,1,0.105,4,-1.395,0.055
34.884,-1.8066,-7.9638e-21,28.49,0.26866,106.32,136.45,1,0.112,4,-1.388,0.055
34.977,-1.9195,-7.2993e-21,28.416,0.26774,106.43,135.77,1,0.119,4,-1.381,0.055
35.069,-2.0324,-6.6348e-21,28.342,0.26681,106.53,135.09,1,0.126,4,-1.374,0.055
35.162,-2.1454,-5.9703e-21,28.268,0.26589,106.63,134.42,1,0.133,4,-1.367,0.055
35.254,-2.2583,-5.3058e-21,28.194,0.26497,106.74,133.74,1,0.14,4,-1.36,0.055
35.346,-2.3712,-4.6414e-21,28.12,0.26404,106.84,133.06,1,0.147,4,-1.353,0.055
35.439,-2.4841,-3.9769e-21,28.046,0.26312,106.94,132.38,1,0.154,4,-1.346,0.055
35.531,-2.597,-3.3125e-21,27.971,0.2622,107.05,131.71,1,0.161,4,-1.339,0.055
35.624,-2.7099,-2.6481e-21,27.897,0.26128,107.15,131.03,1,0.168,4,-1.332,0.055
35.716,-2.8228,-1.9837e-21,27.823,0.26035,107.25,130.35,1,0.175,4,-1.325,0.055
35.808,-2.9358,-1.3193e-21,27.749,0.25943,107.36,129.67,1,0.182,4,-1.318,0.055
35.901,-3.0487,-6.5489e-22,27.675,0.25851,107.46,129,1,0.189,4,-1.311,0.055
35.993,-3.1616,9.4853e-24,27.601,0.25758,107.56,128.32,1,0.196,4,-1.304,0.055
36.086,-3.2745,6.7385e-22,27.527,0.25666,107.67,127.64,1,0.203,4,-1.297,0.055
36.178,-3.3874,1.3382e-21,27.453,0.25574,107.77,126.96,1,0.21,4,-1.29,0.055
36.271,-3.5003,2.0026e-21,27.379,0.25481,107.87,126.29,1,0.217,4,-1.283,0.055
36.363,-3.6133,2.6669e-21,27.304,0.25389,107.98,125.61,1,0.224,4,-1.276,0.055
36.455,-3.7262,3.3312e-21,27.23,0.25297,108.08,124.93,1,0.231,4,-1.269,0.055
36.548,-3.8391,3.9955e-21,27.156,0.25204,108.18,124.25,1,0.238,4,-1.262,0.055
36.64,-3.952,4.6599e-21,27.082,0.25112,108.29,123.58,1,0.245,4,-1.255,0.055
36.696,-4.047,5.1903e-21,26.981,0.25,108.36,122.59,1,0.252,4,-1.248,0.055
36.664,-4.0992,5.3998e-21,26.814,0.24839,108.37,120.86,1,0.259,4,-1.241,0.055
36.632,-4.1514,5.6094e-21,26.647,0.24678,108.38,119.13,1,0.266,4,-1.234,0.055
36.6,-4.2036,5.8189e-21,26.481,0.24517,108.4,117.4,1,0.273,4,-1.227,0.055
36.568,-4.2557,6.0284e-21,26.314,0.24356,108.41,115.67,1,0.28,4,-1.22,0.055
36.536,-4.3079,6.2379e-21,26.147,0.24196,108.42,113.94,1,0.287,4,-1.213,0.055
36.504,-4.3601,6.4474e-21,25.981,0.24035,108.43,112.21,1,0.294,4,-1.206,0.055
36.472,-4.4123,6.6569e-21,25.814,0.23874,108.44,110.49,1,0.301,4,-1.199,0.055
36.44,-4.4644,6.8664e-21,25.647,0.23713,108.45,108.76,1,0.308,4,-1.192,0.055
36.407,-4.5166,7.076e-21,25.48,0.23552,108.46,107.03,1,0.315,4,-1.185,0.055
36.375,-4.5688,7.2855e-21,25.314,0.23391,108.47,105.3,1,0.322,4,-1.178,0.055
36.343,-4.621,7.495e-21,25.147,0.23231,108.48,103.57,1,0.329,4,-1.171,0.055
36.311,-4.6731,7.7044e-21,24.98,0.2307,108.49,101.84,1,0.336,4,-1.164,0.055
36.279,-4.7253,7.9139e-21,24.814,0.22909,108.5,100.11,1,0.343,4,-1.157,0.055
36.247,-4.7775,8.1234e-21,24.647,0.22748,108.51,98.382,1,0.35,4,-1.15,0.055
36.215,-4.8297,8.3329e-21,24.48,0.22587,108.52,96.653,1,0.357,4,-1.143,0.055
36.183,-4.8818,8.5424e-21,24.314,0.22427,108.53,94.924,1,0.364,4,-1.136,0.055
36.151,-4.934,8.7519e-21,24.147,0.22266,108.54,93.195,1,0.371,4,-1.129,0.055
36.119,-4.9862,8.9613e-21,23.98,0.22105,108.56,91.466,1,0.378,4,-1.122,0.055
36.087,-5.0384,9.1708e-21,23.813,0.21944,108.57,89.737,1,0.385,4,-1.115,0.055
36.055,-5.0905,9.3803e-21,23.647,0.21783,108.58,88.008,1,0.392,4,-1.108,0.055
36.023,-5.1427,9.5898e-21,23.48,0.21622,108.59,86.279,1,0.399,4,-1.101,0.055
35.991,-5.1949,9.7992e-21,23.313,0.21462,108.6,84.55,1,0.406,4,-1.094,0.055
35.959,-5.2471,1.0009e-20,23.147,0.21301,108.61,82.821,1,0.413,4,-1.087,0.055
35.927,-5.2992,1.0218e-20,22.98,0.2114,108.62,81.091,1,0.42,4,-1.08,0.055
35.895,-5.3514,1.0428e-20,22.813,0.20979,108.63,79.362,1,0.427,4,-1.073,0.055
35.863,-5.4036,1.0637e-20,22.647,0.20818,108.64,77.633,1,0.434,4,-1.066,0.055
35.831,-5.4558,1.0846e-20,22.48,0.20658,108.65,75.904,1,0.441,4,-1.059,0.055
35.799,-5.5079,1.1056e-20,22.313,0.20497,108.66,74.175,1,0.448,4,-1.052,0.055
35.766,-5.5601,1.1265e-20,22.147,0.20336,108.67,72.446,1,0.455,4,-1.045,0.055
35.734,-5.6123,1.1475e-20,21.98,0.20175,108.68,70.717,1,0.462,4,-1.038,0.055
35.702,-5.6645,1.1684e-20,21.813,0.20014,108.69,68.988,1,0.469,4,-1.031,0.055
35.67,-5.7166,1.1894e-20,21.646,0.19853,108.71,67.259,1,0.476,4,-1.024,0.055
35.638,-5.7688,1.2103e-20,21.48,0.19693,108.72,65.53,1,0.483,4,-1.017,0.055
35.606,-5.821,1.2313e-20,21.313,0.19532,108.73,63.801,1,0.49,4,-1.01,0.055
35.574,-5.8732,1.2522e-20,21.146,0.19371,108.74,62.072,1,0.497,4,-1.003,0.055
35.392,-5.899,1.2454e-20,20.983,0.19246,108.56,60.344,1,0.504,4,-0.996,0.055
35.089,-5.9051,1.2145e-20,20.828,0.19152,108.22,58.74,1,0.511,4,-0.989,0.055
34.786,-5.9111,1.1836e-20,20.672,0.19059,107.89,57.135,1,0.518,4,-0.982,0.055
34.483,-5.9172,1.1527e-20,20.517,0.18966,107.55,55.53,1,0.525,4,-0.975,0.055
34.181,-5.9233,1.1218e-20,20.362,0.18872,107.22,53.925,1,0.532,4,-0.968,0.055
33.878,-5.9294,1.0909e-20,20.207,0.18779,106.88,52.32,1,0.539,4,-0.961,0.055
33.575,-5.9354,1.06e-20,20.052,0.18686,106.55,50.715,1,0.546,4,-0.954,0.055
33.272,-5.9415,1.0291e-20,19.896,0.18593,106.21,49.11,1,0.553,4,-0.947,0.055
32.969,-5.9476,9.9818e-21,19.741,0.18499,105.88,47.505,1,0.56,4,-0.94,0.055
32.666,-5.9537,9.6728e-21,19.586,0.18406,105.54,45.901,1,0.567,4,-0.933,0.055
32.363,-5.9597,9.3638e-21,19.431,0.18313,105.21,44.296,1,0.574,4,-0.926,0.055
32.061,-5.9658,9.0548e-21,19.275,0.18219,104.88,42.691,1,0.581,4,-0.919,0.055
31.758,-5.9719,8.7458e-21,19.12,0.18126,104.54,41.086,1,0.588,4,-0.912,0.055
31.455,-5.9779,8.4369e-21,18.965,0.18033,104.21,39.481,1,0.595,4,-0.905,0.055
31.152,-5.984,8.1279e-21,18.81,0.1794,103.87,37.876,1,0.602,4,-0.898,0.055
30.849,-5.9901,7.8189e-21,18.654,0.17846,103.54,36.271,1,0.609,4,-0.891,0.055
30.546,-5.9962,7.5099e-21,18.499,0.17753,103.2,34.667,1,0.616,4,-0.884,0.055
30.243,-6.0022,7.2009e-21,18.344,0.1766,102.87,33.062,1,0.623,4,-0.877,0.055
29.941,-6.0083,6.8919e-21,18.189,0.17566,102.53,31.457,1,0.63,4,-0.87,0.055
29.638,-6.0144,6.5829e-21,18.033,0.17473,102.2,29.852,1,0.637,4,-0.863,0.055
29.335,-6.0205,6.2739e-21,17.878,0.1738,101.86,28.247,1,0.644,4,-0.856,0.055
29.032,-6.0265,5.9649e-21,17.723,0.17287,101.53,26.642,1,0.651,4,-0.849,0.055
28.729,-6.0326,5.656e-21,17.568,0.17193,101.19,25.037,1,0.658,4,-0.842,0.055
28.426,-6.0387,5.347e-21,17.412,0.171,100.86,23.432,1,0.665,4,-0.835,0.055
28.124,-6.0448,5.038e-21,17.257,0.17007,100.53,21.828,1,0.672,4,-0.828,0.055
27.821,-6.0508,4.729e-21,17.102,0.16913,100.19,20.223,1,0.679,4,-0.821,0.055
27.518,-6.0569,4.42e-21,16.947,0.1682,99.857,18.618,1,0.686,4,-0.814,0.055
27.215,-6.063,4.111e-21,16.791,0.16727,99.522,17.013,1,0.693,4,-0.807,0.055
26.912,-6.069,3.802e-21,16.636,0.16634,99.187,15.408,1,0.7,4,-0.8,0.055
26.609,-6.0751,3.493e-21,16.481,0.1654,98.853,13.803,1,0.707,4,-0.793,0.055
26.306,-6.0812,3.184e-21,16.326,0.16447,98.518,12.198,1,0.714,4,-0.786,0.055
26.004,-6.0873,2.8751e-21,16.17,0.16354,98.184,10.594,1,0.721,4,-0.779,0.055
25.701,-6.0933,2.5661e-21,16.015,0.1626,97.849,8.9887,1,0.728,4,-0.772,0.055
25.398,-6.0994,2.2571e-21,15.86,0.16167,97.514,7.3838,1,0.735,4,-0.765,0.055
25.095,-6.1055,1.9481e-21,15.705,0.16074,97.18,5.7789,1,0.742,4,-0.758,0.055
24.792,-6.1116,1.6391e-21,15.549,0.15981,96.845,4.1741,1,0.749,4,-0.751,0.055
24.54,-6.1112,1.6913e-21,15.456,0.15947,96.467,3.1407,1,0.756,4,-0.744,0.055
24.306,-6.1091,1.725e-21,15.375,0.15923,96.096,2.2188,1,0.763,4,-0.737,0.055
24.073,-6.107,1.7587e-21,15.294,0.15899,95.726,1.2969,1,0.77,4,-0.73,0.055
23.839,-6.1049,1.7923e-21,15.213,0.15876,95.355,0.37497,1,0.777,4,-0.723,0.055
23.606,-6.1028,1.826e-21,15.132,0.15852,94.985,-0.54692,1,0.784,4,-0.716,0.055
23.372,-6.1007,1.8597e-21,15.05,0.15828,94.614,-1.4688,1,0.791,4,-0.709,0.055
23.139,-6.0985,1.8934e-21,14.969,0.15805,94.244,-2.3907,1,0.798,4,-0.702,0.055
22.905,-6.0964,1.9271e-21,14.888,0.15781,93.873,-3.3126,1,0.805,4,-0.695,0.055
22.672,-6.0943,1.9608e-21,14.807,0.15757,93.503,-4.2345,1,0.812,4,-0.688,0.055
22.439,-6.0922,1.9944e-21,14.726,0.15734,93.132,-5.1564,1,0.819,4,-0.681,0.055
22.205,-6.0901,2.0281e-21,14.645,0.1571,92.762,-6.0783,1,0.826,4,-0.674,0.055
21.972,-6.088,2.0618e-21,14.564,0.15686,92.391,-7.0002,1,0.833,4,-0.667,0.055
21.738,-6.0859,2.0955e-21,14.483,0.15663,92.021,-7.9221,1,0.84,4,-0.66,0.055
21.505,-6.0837,2.1292e-21,14.402,0.15639,91.65,-8.844,1,0.847,4,-0.653,0.055
21.271,-6.0816,2.1629e-21,14.321,0.15615,91.28,-9.7659,1,0.854,4,-0.646,0.055
21.038,-6.0795,2.1965e-21,14.24,0.15592,90.909,-10.688,1,0.861,4,-0.639,0.055
20.804,-6.0774,2.2302e-21,14.159,0.15568,90.539,-11.61,1,0.868,4,-0.632,0.055
20.571,-6.0753,2.2639e-21,14.077,0.15544,90.168,-12.532,1,0.875,4,-0.625,0.055
20.337,-6.0732,2.2976e-21,13.996,0.15521,89.798,-13.453,1,0.882,4,-0.618,0.055
20.104,-6.0711,2.3313e-21,13.915,0.15497,89.427,-14.375,1,0.889,4,-0.611,0.055
19.87,-6.0689,2.365e-21,13.834,0.15474,89.057,-15.297,1,0.896,4,-0.604,0.055
19.637,-6.0668,2.3986e-21,13.753,0.1545,88.686,-16.219,1,0.903,4,-0.597,0.055
19.404,-6.0647,2.4323e-21,13.672,0.15426,88.316,-17.141,1,0.91,4,-0.59,0.055
19.17,-6.0626,2.466e-21,13.591,0.15403,87.945,-18.063,1,0.917,4,-0.583,0.055
18.937,-6.0605,2.4997e-21,13.51,0.15379,87.575,-18.985,1,0.924,4,-0.576,0.055
18.703,-6.0584,2.5334e-21,13.429,0.15355,87.204,-19.907,1,0.931,4,-0.569,0.055
18.47,-6.0563,2.5671e-21,13.348,0.15332,86.834,-20.829,1,0.938,4,-0.562,0.055
18.236,-6.0541,2.6007e-21,13.267,0.15308,86.463,-21.751,1,0.945,4,-0.555,0.055
18.003,-6.052,2.6344e-21,13.186,0.15284,86.093,-22.672,1,0.952,4,-0.548,0.055
17.769,-6.0499,2.6681e-21,13.105,0.15261,85.722,-23.594,1,0.959,4,-0.541,0.055
17.536,-6.0478,2.7018e-21,13.023,0.15237,85.352,-24.516,1,0.966,4,-0.534,0.055
17.302,-6.0457,2.7355e-21,12.942,0.15213,84.981,-25.438,1,0.973,4,-0.527,0.055
17.069,-6.0436,2.7692e-21,12.861,0.1519,84.611,-26.36,1,0.98,4,-0.52,0.055
16.835,-6.0414,2.8028e-21,12.78,0.15166,84.24,-27.282,1,0.987,4,-0.513,0.055
16.602,-6.0393,2.8365e-21,12.699,0.15142,83.87,-28.204,1,0.994,4,-0.506,0.055
16.396,-6.0354,2.8048e-21,12.632,0.15128,83.537,-29.107,1,1.001,4,-0.499,0.055
16.34,-6.0216,2.664e-21,12.647,0.15167,83.423,-29.789,1,1.008,4,-0.492,0.055
16.284,-6.0078,2.5232e-21,12.661,0.15207,83.308,-30.471,1,1.015,4,-0.485,0.055
16.227,-5.994,2.3824e-21,12.676,0.15247,83.194,-31.154,1,1.022,4,-0.478,0.055
16.171,-5.9802,2.2416e-21,12.691,0.15286,83.08,-31.836,1,1.029,4,-0.471,0.055
16.115,-5.9664,2.1008e-21,12.705,0.15326,82.965,-32.518,1,1.036,4,-0.464,0.055
16.059,-5.9526,1.96e-21,12.72,0.15366,82.851,-33.2,1,1.043,4,-0.457,0.055
16.003,-5.9388,1.8192e-21,12.735,0.15405,82.736,-33.882,1,1.05,4,-0.45,0.055
15.947,-5.925,1.6784e-21,12.749,0.15445,82.622,-34.564,1,1.057,4,-0.443,0.055
15.89,-5.9112,1.5376e-21,12.764,0.15485,82.508,-35.247,1,1.064,4,-0.436,0.055
15.834,-5.8974,1.3969e-21,12.778,0.15524,82.393,-35.929,1,1.071,4,-0.429,0.055
15.778,-5.8836,1.2561e-21,12.793,0.15564,82.279,-36.611,1,1.078,4,-0.422,0.055
15.722,-5.8698,1.1153e-21,12.808,0.15604,82.164,-37.293,1,1.085,4,-0.415,0.055
15.666,-5.856,9.7448e-22,12.822,0.15643,82.05,-37.975,1,1.092,4,-0.408,0.055
15.61,-5.8422,8.3369e-22,12.837,0.15683,81.936,-38.658,1,1.099,4,-0.401,0.055
15.554,-5.8284,6.929e-22,12.852,0.15723,81.821,-39.34,1,1.106,4,-0.394,0.055
15.497,-5.8146,5.5211e-22,12.866,0.15762,81.707,-40.022,1,1.113,4,-0.387,0.055
15.441,-5.8008,4.1132e-22,12.881,0.15802,81.592,-40.704,1,1.12,4,-0.38,0.055
15.385,-5.787,2.7053e-22,12.895,0.15842,81.478,-41.386,1,1.127,4,-0.373,0.055
15.329,-5.7733,1.2974e-22,12.91,0.15881,81.363,-42.069,1,1.134,4,-0.366,0.055
15.273,-5.7595,-1.1056e-23,12.925,0.15921,81.249,-42.751,1,1.141,4,-0.359,0.055
15.217,-5.7457,-1.5185e-22,12.939,0.15961,81.135,-43.433,1,1.148,4,-0.352,0.055
15.16,-5.7319,-2.9264e-22,12.954,0.16,81.02,-44.115,1,1.155,4,-0.345,0.055
15.104,-5.7181,-4.3343e-22,12.968,0.1604,80.906,-44.797,1,1.162,4,-0.338,0.055
15.048,-5.7043,-5.7422e-22,12.983,0.1608,80.791,-45.479,1,1.169,4,-0.331,0.055
14.992,-5.6905,-7.1501e-22,12.998,0.1612,80.677,-46.162,1,1.176,4,-0.324,0.055
14.936,-5.6767,-8.558e-22,13.012,0.16159,80.563,-46.844,1,1.183,4,-0.317,0.055
14.88,-5.6629,-9.966e-22,13.027,0.16199,80.448,-47.526,1,1.19,4,-0.31,0.055
14.824,-5.6491,-1.1374e-21,13.042,0.16239,80.334,-48.208,1,1.197,4,-0.303,0.055
14.767,-5.6353,-1.2782e-21,13.056,0.16278,80.219,-48.89,1,1.204,4,-0.296,0.055
14.711,-5.6215,-1.419e-21,13.071,0.16318,80.105,-49.573,1,1.211,4,-0.289,0.055
14.655,-5.6077,-1.5598e-21,13.085,0.16358,79.991,-50.255,1,1.218,4,-0.282,0.055
14.599,-5.5939,-1.7006e-21,13.1,0.16397,79.876,-50.937,1,1.225,4,-0.275,0.055
14.543,-5.5801,-1.8413e-21,13.115,0.16437,79.762,-51.619,1,1.232,4,-0.268,0.055
14.487,-5.5663,-1.9821e-21,13.129,0.16477,79.647,-52.301,1,1.239,4,-0.261,0.055
14.43,-5.5525,-2.1229e-21,13.144,0.16516,79.533,-52.983,1,1.246,4,-0.254,0.055
14.402,-5.5363,-2.4031e-21,13.186,0.16577,79.483,-53.645,1,1.253,4,-0.247,0.055
14.404,-5.5165,-2.9345e-21,13.258,0.16663,79.502,-54.252,1,1.26,4,-0.24,0.055
14.407,-5.4967,-3.4658e-21,13.33,0.16749,79.521,-54.859,1,1.267,4,-0.233,0.055
14.41,-5.4768,-3.9972e-21,13.401,0.16835,79.54,-55.466,1,1.274,4,-0.226,0.055
14.412,-5.457,-4.5285e-21,13.473,0.16921,79.558,-56.073,1,1.281,4,-0.219,0.055
14.415,-5.4372,-5.0599e-21,13.545,0.17007,79.577,-56.68,1,1.288,4,-0.212,0.055
14.418,-5.4174,-5.5912e-21,13.617,0.17093,79.596,-57.287,1,1.295,4,-0.205,0.055
14.42,-5.3976,-6.1226e-21,13.689,0.17179,79.615,-57.895,1,1.302,4,-0.198,0.055
14.423,-5.3778,-6.6539e-21,13.761,0.17264,79.633,-58.502,1,1.309,4,-0.191,0.055
14.426,-5.358,-7.1853e-21,13.833,0.1735,79.652,-59.109,1,1.316,4,-0.184,0.055
14.428,-5.3382,-7.7166e-21,13.905,0.17436,79.671,-59.716,1,1.323,4,-0.177,0.055
14.431,-5.3184,-8.248e-21,13.977,0.17522,79.69,-60.323,1,1.33,4,-0.17,0.055
14.434,-5.2985,-8.7793e-21,14.049,0.17608,79.708,-60.93,1,1.337,4,-0.163,0.055
14.436,-5.2787,-9.3107e-21,14.121,0.17694,79.727,-61.537,1,1.344,4,-0.156,0.055
14.439,-5.2589,-9.842e-21,14.193,0.1778,79.746,-62.144,1,1.351,4,-0.149,0.055
14.442,-5.2391,-1.0373e-20,14.265,0.17866,79.765,-62.751,1,1.358,4,-0.142,0.055
14.444,-5.2193,-1.0905e-20,14.337,0.17952,79.783,-63.358,1,1.365,4,-0.135,0.055
14.447,-5.1995,-1.1436e-20,14.409,0.18038,79.802,-63.965,1,1.372,4,-0.128,0.055
14.45,-5.1797,-1.1967e-20,14.481,0.18124,79.821,-64.572,1,1.379,4,-0.121,0.055
14.452,-5.1599,-1.2499e-20,14.552,0.1821,79.84,-65.18,1,1.386,4,-0.114,0.055
14.455,-5.14,-1.303e-20,14.624,0.18296,79.858,-65.787,1,1.393,4,-0.107,0.055
14.458,-5.1202,-1.3561e-20,14.696,0.18381,79.877,-66.394,1,1.4,4,-0.1,0.055
14.46,-5.1004,-1.4093e-20,14.768,0.18467,79.896,-67.001,1,1.407,4,-0.093,0.055
14.463,-5.0806,-1.4624e-20,14.84,0.18553,79.914,-67.608,1,1.414,4,-0.086,0.055
14.466,-5.0608,-1.5155e-20,14.912,0.18639,79.933,-68.215,1,1.421,4,-0.079,0.055
14.468,-5.041,-1.5687e-20,14.984,0.18725,79.952,-68.822,1,1.428,4,-0.072,0.055
14.471,-5.0212,-1.6218e-20,15.056,0.18811,79.971,-69.429,1,1.435,4,-0.065,0.055
14.474,-5.0014,-1.675e-20,15.128,0.18897,79.989,-70.036,1,1.442,4,-0.058,0.055
14.476,-4.9816,-1.7281e-20,15.2,0.18983,80.008,-70.643,1,1.449,4,-0.051,0.055
14.479,-4.9617,-1.7812e-20,15.272,0.19069,80.027,-71.25,1,1.456,4,-0.044,0.055
14.482,-4.9419,-1.8344e-20,15.344,0.19155,80.046,-71.857,1,1.463,4,-0.037,0.055
14.485,-4.9221,-1.8875e-20,15.416,0.19241,80.064,-72.465,1,1.47,4,-0.03,0.055
14.487,-4.9023,-1.9406e-20,15.488,0.19327,80.083,-73.072,1,1.477,4,-0.023,0.055
14.49,-4.8825,-1.9938e-20,15.56,0.19413,80.102,-73.679,1,1.484,4,-0.016,0.055
14.493,-4.8627,-2.0469e-20,15.631,0.19498,80.121,-74.286,1,1.491,4,-0.009,0.055
14.495,-4.8429,-2.1e-20,15.703,0.19584,80.139,-74.893,1,1.498,4,-0.002,0.055
14.497,-4.818,-2.1415e-20,15.781,0.19681,80.141,-75.45,1,1.505,4,0.005,0.055
14.497,-4.7911,-2.1525e-20,15.861,0.19782,80.135,-75.975,1,1.512,4,0.012,0.055
14.497,-4.7643,-2.1635e-20,15.94,0.19883,80.129,-76.5,1,1.519,4,0.019,0.055
14.497,-4.7374,-2.1745e-20,16.019,0.19984,80.123,-77.025,1,1.526,4,0.026,0.055
14.497,-4.7106,-2.1856e-20,16.099,0.20085,80.117,-77.549,1,1.533,4,0.033,0.055
14.497,-4.6838,-2.1966e-20,16.178,0.20186,80.112,-78.074,1,1.54,4,0.04,0.055
14.497,-4.6569,-2.2076e-20,16.258,0.20287,80.106,-78.599,1,1.547,4,0.047,0.055
14.498,-4.6301,-2.2187e-20,16.337,0.20388,80.1,-79.124,1,1.554,4,0.054,0.055
14.498,-4.6032,-2.2297e-20,16.416,0.20489,80.094,-79.648,1,1.561,4,0.061,0.055
14.498,-4.5764,-2.2407e-20,16.496,0.2059,80.088,-80.173,1,1.568,4,0.068,0.055
14.498,-4.5496,-2.2517e-20,16.575,0.20691,80.082,-80.698,1,1.575,4,0.075,0.055
14.498,-4.5227,-2.2628e-20,16.655,0.20792,80.076,-81.223,1,1.582,4,0.082,0.055
14.498,-4.4959,-2.2738e-20,16.734,0.20893,80.07,-81.747,1,1.589,4,0.089,0.055
14.498,-4.4691,-2.2848e-20,16.813,0.20994,80.065,-82.272,1,1.596,4,0.096,0.055
14.498,-4.4422,-2.2959e-20,16.893,0.21095,80.059,-82.797,1,1.603,4,0.103,0.055
14.498,-4.4154,-2.3069e-20,16.972,0.21196,80.053,-83.322,1,1.61,4,0.11,0.055
14.498,-4.3885,-2.3179e-20,17.052,0.21297,80.047,-83.846,1,1.617,4,0.117,0.055
14.498,-4.3617,-2.3289e-20,17.131,0.21398,80.041,-84.371,1,1.624,4,0.124,0.055
14.498,-4.3349,-2.34e-20,17.21,0.21499,80.035,-84.896,1,1.631,4,0.131,0.055
14.498,-4.308,-2.351e-20,17.29,0.216,80.029,-85.421,1,1.638,4,0.138,0.055
14.498,-4.2812,-2.362e-20,17.369,0.21701,80.023,-85.945,1,1.645,4,0.145,0.055
14.498,-4.2543,-2.373e-20,17.448,0.21802,80.018,-86.47,1,1.652,4,0.152,0.055
14.499,-4.2275,-2.3841e-20,17.528,0.21903,80.012,-86.995,1,1.659,4,0.159,0.055
14.499,-4.2007,-2.3951e-20,17.607,0.22004,80.006,-87.52,1,1.666,4,0.166,0.055
14.499,-4.1738,-2.4061e-20,17.687,0.22105,80,-88.044,1,1.673,4,0.173,0.055
14.499,-4.147,-2.4172e-20,17.766,0.22206,79.994,-88.569,1,1.68,4,0.18,0.055
14.499,-4.1202,-2.4282e-20,17.845,0.22307,79.988,-89.094,1,1.687,4,0.187,0.055
14.499,-4.0933,-2.4392e-20,17.925,0.22408,79.982,-89.619,1,1.694,4,0.194,0.055
14.499,-4.0665,-2.4502e-20,18.004,0.22509,79.976,-90.143,1,1.701,4,0.201,0.055
14.499,-4.0396,-2.4613e-20,18.084,0.2261,79.971,-90.668,1,1.708,4,0.208,0.055
14.499,-4.0128,-2.4723e-20,18.163,0.22711,79.965,-91.193,1,1.715,4,0.215,0.055
14.499,-3.986,-2.4833e-20,18.242,0.22812,79.959,-91.718,1,1.722,4,0.222,0.055
14.499,-3.9591,-2.4944e-20,18.322,0.22913,79.953,-92.242,1,1.729,4,0.229,0.055
14.499,-3.9323,-2.5054e-20,18.401,0.23015,79.947,-92.767,1,1.736,4,0.236,0.055
14.499,-3.9055,-2.5164e-20,18.481,0.23116,79.941,-93.292,1,1.743,4,0.243,0.055
14.499,-3.8786,-2.5129e-20,18.561,0.23217,79.936,-93.815,1,1.75,4,0.25,0.055
14.485,-3.8462,-2.4014e-20,18.643,0.23328,79.911,-94.209,1,1.757,4,0.257,0.055
14.469,-3.8141,-2.292e-20,18.725,0.23439,79.887,-94.595,1,1.764,4,0.264,0.055
14.454,-3.782,-2.1826e-20,18.807,0.2355,79.862,-94.982,1,1.771,4,0.271,0.055
14.438,-3.7498,-2.0731e-20,18.889,0.23661,79.838,-95.369,1,1.778,4,0.278,0.055
14.423,-3.7177,-1.9637e-20,18.972,0.23772,79.814,-95.755,1,1.785,4,0.285,0.055
14.407,-3.6856,-1.8543e-20,19.054,0.23882,79.79,-96.142,1,1.792,4,0.292,0.055
14.392,-3.6535,-1.7449e-20,19.136,0.23993,79.766,-96.529,1,1.799,4,0.299,0.055
14.376,-3.6213,-1.6354e-20,19.218,0.24104,79.742,-96.915,1,1.806,4,0.306,0.055
14.361,-3.5892,-1.526e-20,19.3,0.24215,79.718,-97.302,1,1.813,4,0.313,0.055
14.345,-3.5571,-1.4166e-20,19.383,0.24326,79.694,-97.688,1,1.82,4,0.32,0.055
14.33,-3.525,-1.3072e-20,19.465,0.24437,79.67,-98.075,1,1.827,4,0.327,0.055
14.314,-3.4929,-1.1977e-20,19.547,0.24548,79.646,-98.462,1,1.834,4,0.334,0.055
14.299,-3.4607,-1.0883e-20,19.629,0.24659,79.621,-98.848,1,1.841,4,0.341,0.055
14.283,-3.4286,-9.7889e-21,19.711,0.2477,79.597,-99.235,1,1.848,4,0.348,0.055
14.268,-3.3965,-8.6946e-21,19.793,0.24881,79.573,-99.621,1,1.855,4,0.355,0.055
14.252,-3.3644,-7.6003e-21,19.876,0.24992,79.549,-100.01,1,1.862,4,0.362,0.055
14.237,-3.3323,-6.5061e-21,19.958,0.25103,79.525,-100.39,1,1.869,4,0.369,0.055
14.221,-3.3001,-5.4118e-21,20.04,0.25214,79.501,-100.78,1,1.876,4,0.376,0.055
14.206,-3.268,-4.3175e-21,20.122,0.25325,79.477,-101.17,1,1.883,4,0.383,0.055
14.19,-3.2359,-3.2233e-21,20.204,0.25435,79.453,-101.55,1,1.89,4,0.39,0.055
14.175,-3.2038,-2.129e-21,20.287,0.25546,79.429,-101.94,1,1.897,4,0.397,0.055
14.16,-3.1717,-1.0348e-21,20.369,0.25657,79.405,-102.33,1,1.904,4,0.404,0.055
14.144,-3.1395,5.9509e-23,20.451,0.25768,79.381,-102.71,1,1.911,4,0.411,0.055
14.129,-3.1074,1.1538e-21,20.533,0.25879,79.356,-103.1,1,1.918,4,0.418,0.055
14.113,-3.0753,2.248e-21,20.615,0.2599,79.332,-103.49,1,1.925,4,0.425,0.055
14.098,-3.0432,3.3423e-21,20.698,0.26101,79.308,-103.87,1,1.932,4,0.432,0.055
14.082,-3.0111,4.4366e-21,20.78,0.26212,79.284,-104.26,1,1.939,4,0.439,0.055
14.067,-2.9789,5.5308e-21,20.862,0.26323,79.26,-104.65,1,1.946,4,0.446,0.055
14.051,-2.9468,6.6251e-21,20.944,0.26434,79.236,-105.03,1,1.953,4,0.453,0.055
14.036,-2.9147,7.7194e-21,21.026,0.26545,79.212,-105.42,1,1.96,4,0.46,0.055
14.02,-2.8826,8.8136e-21,21.108,0.26656,79.188,-105.81,1,1.967,4,0.467,0.055
14.005,-2.8505,9.9079e-21,21.191,0.26767,79.164,-106.19,1,1.974,4,0.474,0.055
13.989,-2.8183,1.1002e-20,21.273,0.26877,79.14,-106.58,1,1.981,4,0.481,0.055
13.974,-2.7862,1.2096e-20,21.355,0.26988,79.115,-106.97,1,1.988,4,0.488,0.055
13.958,-2.7541,1.3191e-20,21.437,0.27099,79.091,-107.35,1,1.995,4,0.495,0.055
13.94,-2.7207,1.4409e-20,21.519,0.27211,79.067,-107.7,1,2.002,4,0.502,0.055
13.916,-2.6861,1.3804e-20,21.597,0.27319,79.038,-107.93,1,2.009,4,0.509,0.055
13.892,-2.6515,1.3198e-20,21.674,0.27428,79.01,-108.17,1,2.016,4,0.516,0.055
13.868,-2.6169,1.2593e-20,21.752,0.27537,78.982,-108.4,1,2.023,4,0.523,0.055
13.844,-2.5823,1.1988e-20,21.829,0.27645,78.954,-108.63,1,2.03,4,0.53,0.055
13.82,-2.5477,1.1382e-20,21.906,0.27754,78.925,-108.87,1,2.037,4,0.537,0.055
13.796,-2.5131,1.0777e-20,21.984,0.27863,78.897,-109.1,1,2.044,4,0.544,0.055
13.771,-2.4785,1.0171e-20,22.061,0.27971,78.869,-109.33,1,2.051,4,0.551,0.055
13.747,-2.4439,9.5661e-21,22.138,0.2808,78.841,-109.56,1,2.058,4,0.558,0.055
13.723,-2.4093,8.9607e-21,22.216,0.28189,78.812,-109.8,1,2.065,4,0.565,0.055
13.699,-2.3747,8.3553e-21,22.293,0.28297,78.784,-110.03,1,2.072,4,0.572,0.055
13.675,-2.3401,7.75e-21,22.37,0.28406,78.756,-110.26,1,2.079,4,0.579,0.055
13.651,-2.3055,7.1446e-21,22.448,0.28515,78.728,-110.5,1,2.086,4,0.586,0.055
13.627,-2.2709,6.5392e-21,22.525,0.28624,78.699,-110.73,1,2.093,4,0.593,0.055
13.603,-2.2363,5.9339e-21,22.602,0.28732,78.671,-110.96,1,2.1,4,0.6,0.055
13.579,-2.2017,5.3285e-21,22.68,0.28841,78.643,-111.2,1,2.107,4,0.607,0.055
13.554,-2.1671,4.7231e-21,22.757,0.2895,78.615,-111.43,1,2.114,4,0.614,0.055
13.53,-2.1325,4.1178e-21,22.835,0.29058,78.586,-111.66,1,2.121,4,0.621,0.055
13.506,-2.0979,3.5124e-21,22.912,0.29167,78.558,-111.89,1,2.128,4,0.628,0.055
13.482,-2.0633,2.907e-21,22.989,0.29276,78.53,-112.13,1,2.135,4,0.635,0.055
13.458,-2.0287,2.3017e-21,23.067,0.29384,78.502,-112.36,1,2.142,4,0.642,0.055
13.434,-1.9941,1.6963e-21,23.144,0.29493,78.473,-112.59,1,2.149,4,0.649,0.055
13.41,-1.9595,1.0909e-21,23.221,0.29602,78.445,-112.83,1,2.156,4,0.656,0.055
13.386,-1.9249,4.8556e-22,23.299,0.2971,78.417,-113.06,1,2.163,4,0.663,0.055
13.362,-1.8903,-1.1981e-22,23.376,0.29819,78.389,-113.29,1,2.17,4,0.67,0.055
13.338,-1.8557,-7.2518e-22,23.453,0.29928,78.361,-113.53,1,2.177,4,0.677,0.055
13.313,-1.8211,-1.3305e-21,23.531,0.30037,78.332,-113.76,1,2.184,4,0.684,0.055
13.289,-1.7865,-1.9359e-21,23.608,0.30145,78.304,-113.99,1,2.191,4,0.691,0.055
13.265,-1.7519,-2.5413e-21,23.685,0.30254,78.276,-114.22,1,2.198,4,0.698,0.055
13.241,-1.7173,-3.1466e-21,23.763,0.30363,78.248,-114.46,1,2.205,4,0.705,0.055
13.217,-1.6827,-3.752e-21,23.84,0.30471,78.219,-114.69,1,2.212,4,0.712,0.055
13.193,-1.6481,-4.3574e-21,23.918,0.3058,78.191,-114.92,1,2.219,4,0.719,0.055
13.169,-1.6135,-4.9628e-21,23.995,0.30689,78.163,-115.16,1,2.226,4,0.726,0.055
13.145,-1.5789,-5.5681e-21,24.072,0.30797,78.135,-115.39,1,2.233,4,0.733,0.055
13.121,-1.5443,-6.1735e-21,24.15,0.30906,78.106,-115.62,1,2.24,4,0.74,0.055
13.096,-1.5097,-6.7789e-21,24.227,0.31015,78.078,-115.86,1,2.247,4,0.747,0.055
13.077,-1.475,-8.1455e-21,24.299,0.31115,78.055,-116.01,1,2.254,4,0.754,0.055
13.063,-1.4412,-8.5965e-21,24.365,0.31208,78.034,-116.1,1,2.261,4,0.761,0.055
13.048,-1.4075,-9.0476e-21,24.431,0.31301,78.014,-116.19,1,2.268,4,0.768,0.055
13.034,-1.3738,-9.4986e-21,24.496,0.31394,77.993,-116.28,1,2.275,4,0.775,0.055
13.019,-1.3401,-9.9497e-21,24.562,0.31487,77.973,-116.37,1,2.282,4,0.782,0.055
13.005,-1.3064,-1.0401e-20,24.628,0.3158,77.953,-116.46,1,2.289,4,0.789,0.055
12.99,-1.2727,-1.0852e-20,24.694,0.31673,77.932,-116.55,1,2.296,4,0.796,0.055
12.975,-1.239,-1.1303e-20,24.76,0.31766,77.912,-116.64,1,2.303,4,0.803,0.055
12.961,-1.2053,-1.1754e-20,24.826,0.31859,77.891,-116.73,1,2.31,4,0.81,0.055
12.946,-1.1716,-1.2205e-20,24.891,0.31952,77.871,-116.83,1,2.317,4,0.817,0.055
12.932,-1.1379,-1.2656e-20,24.957,0.32045,77.851,-116.92,1,2.324,4,0.824,0.055
12.917,-1.1041,-1.3107e-20,25.023,0.32138,77.83,-117.01,1,2.331,4,0.831,0.055
12.903,-1.0704,-1.3558e-20,25.089,0.32231,77.81,-117.1,1,2.338,4,0.838,0.055
12.888,-1.0367,-1.4009e-20,25.155,0.32324,77.79,-117.19,1,2.345,4,0.845,0.055
12.874,-1.003,-1.446e-20,25.221,0.32417,77.769,-117.28,1,2.352,4,0.852,0.055
12.859,-0.9693,-1.4911e-20,25.287,0.3251,77.749,-117.37,1,2.359,4,0.859,0.055
12.845,-0.93559,-1.5362e-20,25.352,0.32603,77.728,-117.46,1,2.366,4,0.866,0.055
12.83,-0.90188,-1.5813e-20,25.418,0.32696,77.708,-117.55,1,2.373,4,0.873,0.055
12.816,-0.86817,-1.6264e-20,25.484,0.32789,77.688,-117.64,1,2.38,4,0.88,0.055
12.801,-0.83446,-1.6715e-20,25.55,0.32882,77.667,-117.73,1,2.387,4,0.887,0.055
12.787,-0.80075,-1.7166e-20,25.616,0.32975,77.647,-117.82,1,2.394,4,0.894,0.055
12.772,-0.76704,-1.7617e-20,25.682,0.33068,77.627,-117.91,1,2.401,4,0.901,0.055
12.758,-0.73333,-1.8068e-20,25.748,0.33161,77.606,-118.01,1,2.408,4,0.908,0.055
12.743,-0.69962,-1.8519e-20,25.813,0.33254,77.586,-118.1,1,2.415,4,0.915,0.055
12.728,-0.66591,-1.8971e-20,25.879,0.33346,77.565,-118.19,1,2.422,4,0.922,0.055
12.714,-0.6322,-1.9422e-20,25.945,0.33439,77.545,-118.28,1,2.429,4,0.929,0.055
12.699,-0.59849,-1.9873e-20,26.011,0.33532,77.525,-118.37,1,2.436,4,0.936,0.055
12.685,-0.56478,-2.0324e-20,26.077,0.33625,77.504,-118.46,1,2.443,4,0.943,0.055
12.67,-0.53107,-2.0775e-20,26.143,0.33718,77.484,-118.55,1,2.45,4,0.95,0.055
12.656,-0.49736,-2.1226e-20,26.208,0.33811,77.464,-118.64,1,2.457,4,0.957,0.055
12.641,-0.46365,-2.1677e-20,26.274,0.33904,77.443,-118.73,1,2.464,4,0.964,0.055
12.627,-0.42994,-2.2128e-20,26.34,0.33997,77.423,-118.82,1,2.471,4,0.971,0.055
12.612,-0.39623,-2.2579e-20,26.406,0.3409,77.402,-118.91,1,2.478,4,0.978,0.055
12.598,-0.36252,-2.303e-20,26.472,0.34183,77.382,-119,1,2.485,4,0.985,0.055
12.583,-0.32881,-2.3481e-20,26.538,0.34276,77.362,-119.1,1,2.492,4,0.992,0.055
12.569,-0.2951,-2.3932e-20,26.604,0.34369,77.341,-119.19,1,2.499,4,0.999,0.055
12.586,-0.26369,-2.2891e-20,26.694,0.34463,77.384,-119.16,1,2.506,4,1.006,0.055
12.61,-0.23346,-2.1955e-20,26.791,0.34559,77.442,-119.12,1,2.513,4,1.013,0.055
12.635,-0.20324,-2.1019e-20,26.888,0.34654,77.5,-119.08,1,2.52,4,1.02,0.055
12.659,-0.17302,-2.0083e-20,26.985,0.3475,77.558,-119.04,1,2.527,4,1.027,0.055
12.684,-0.14279,-1.9147e-20,27.081,0.34845,77.616,-118.99,1,2.534,4,1.034,0.055
12.708,-0.11256,-1.8211e-20,27.178,0.34941,77.674,-118.95,1,2.541,4,1.041,0.055
12.733,-0.08234,-1.7275e-20,27.275,0.35036,77.732,-118.91,1,2.548,4,1.048,0.055
12.757,-0.052115,-1.6339e-20,27.372,0.35132,77.79,-118.87,1,2.555,4,1.055,0.055
12.781,-0.02189,-1.5402e-20,27.469,0.35227,77.848,-118.83,1,2.562,4,1.062,0.055
12.806,0.008335,-1.4466e-20,27.566,0.35323,77.906,-118.78,1,2.569,4,1.069,0.055
12.83,0.03856,-1.353e-20,27.663,0.35418,77.964,-118.74,1,2.576,4,1.076,0.055
12.855,0.068785,-1.2594e-20,27.759,0.35514,78.022,-118.7,1,2.583,4,1.083,0.055
12.879,0.09901,-1.1658e-20,27.856,0.35609,78.08,-118.66,1,2.59,4,1.09,0.055
12.903,0.12923,-1.0722e-20,27.953,0.35705,78.138,-118.62,1,2.597,4,1.097,0.055
12.928,0.15946,-9.7862e-21,28.05,0.358,78.196,-118.57,1,2.604,4,1.104,0.055
12.952,0.18968,-8.8502e-21,28.147,0.35896,78.254,-118.53,1,2.611,4,1.111,0.055
12.977,0.21991,-7.9141e-21,28.244,0.35991,78.312,-118.49,1,2.618,4,1.118,0.055
13.001,0.25013,-6.9781e-21,28.341,0.36087,78.37,-118.45,1,2.625,4,1.125,0.055
13.026,0.28036,-6.0421e-21,28.438,0.36182,78.428,-118.4,1,2.632,4,1.132,0.055
13.05,0.31058,-5.106e-21,28.534,0.36278,78.486,-118.36,1,2.639,4,1.139,0.055
13.074,0.34081,-4.17e-21,28.631,0.36373,78.544,-118.32,1,2.646,4,1.146,0.055
13.099,0.37103,-3.2339e-21,28.728,0.36469,78.602,-118.28,1,2.653,4,1.153,0.055
13.123,0.40126,-2.2979e-21,28.825,0.36564,78.66,-118.24,1,2.66,4,1.16,0.055
13.148,0.43148,-1.3618e-21,28.922,0.3666,78.718,-118.19,1,2.667,4,1.167,0.055
13.172,0.46171,-4.258e-22,29.019,0.36755,78.776,-118.15,1,2.674,4,1.174,0.055
13.197,0.49193,5.1024e-22,29.116,0.36851,78.834,-118.11,1,2.681,4,1.181,0.055
13.221,0.52216,1.4463e-21,29.212,0.36946,78.892,-118.07,1,2.688,4,1.188,0.055
13.245,0.55238,2.3823e-21,29.309,0.37042,78.95,-118.03,1,2.695,4,1.195,0.055
13.27,0.58261,3.3184e-21,29.406,0.37137,79.008,-117.98,1,2.702,4,1.202,0.055
13.294,0.61283,4.2544e-21,29.503,0.37233,79.066,-117.94,1,2.709,4,1.209,0.055
13.319,0.64306,5.1904e-21,29.6,0.37328,79.124,-117.9,1,2.716,4,1.216,0.055
13.343,0.67328,6.1265e-21,29.697,0.37424,79.182,-117.86,1,2.723,4,1.223,0.055
13.368,0.70351,7.0625e-21,29.794,0.37519,79.24,-117.82,1,2.73,4,1.23,0.055
13.392,0.73373,7.9986e-21,29.891,0.37615,79.298,-117.77,1,2.737,4,1.237,0.055
13.416,0.76396,8.9346e-21,29.987,0.3771,79.356,-117.73,1,2.744,4,1.244,0.055
13.45,0.79358,9.7525e-21,30.092,0.37807,79.429,-117.67,1,2.751,4,1.251,0.055
13.549,0.81414,1.0083e-20,30.249,0.37911,79.607,-117.5,1,2.758,4,1.258,0.055
13.649,0.83469,1.0413e-20,30.405,0.38015,79.784,-117.34,1,2.765,4,1.265,0.055
13.749,0.85525,1.0744e-20,30.562,0.38119,79.962,-117.18,1,2.772,4,1.272,0.055
13.848,0.87581,1.1074e-20,30.719,0.38222,80.14,-117.01,1,2.779,4,1.279,0.055
13.948,0.89636,1.1405e-20,30.876,0.38326,80.318,-116.85,1,2.786,4,1.286,0.055
14.048,0.91692,1.1735e-20,31.032,0.3843,80.495,-116.69,1,2.793,4,1.293,0.055
14.147,0.93748,1.2066e-20,31.189,0.38534,80.673,-116.52,1,2.8,4,1.3,0.055
14.247,0.95803,1.2396e-20,31.346,0.38638,80.851,-116.36,1,2.807,4,1.307,0.055
14.347,0.97859,1.2727e-20,31.502,0.38742,81.029,-116.2,1,2.814,4,1.314,0.055
14.446,0.99915,1.3057e-20,31.659,0.38846,81.207,-116.03,1,2.821,4,1.321,0.055
14.546,1.0197,1.3387e-20,31.816,0.38949,81.384,-115.87,1,2.828,4,1.328,0.055
14.646,1.0403,1.3718e-20,31.973,0.39053,81.562,-115.71,1,2.835,4,1.335,0.055
14.745,1.0608,1.4048e-20,32.129,0.39157,81.74,-115.54,1,2.842,4,1.342,0.055
14.845,1.0814,1.4379e-20,32.286,0.39261,81.918,-115.38,1,2.849,4,1.349,0.055
14.944,1.1019,1.4709e-20,32.443,0.39365,82.096,-115.21,1,2.856,4,1.356,0.055
15.044,1.1225,1.504e-20,32.6,0.39469,82.273,-115.05,1,2.863,4,1.363,0.055
15.144,1.143,1.537e-20,32.756,0.39573,82.451,-114.89,1,2.87,4,1.37,0.055
15.243,1.1636,1.5701e-20,32.913,0.39676,82.629,-114.72,1,2.877,4,1.377,0.055
15.343,1.1842,1.6031e-20,33.07,0.3978,82.807,-114.56,1,2.884,4,1.384,0.055
15.443,1.2047,1.6361e-20,33.226,0.39884,82.984,-114.4,1,2.891,4,1.391,0.055
15.542,1.2253,1.6692e-20,33.383,0.39988,83.162,-114.23,1,2.898,4,1.398,0.055
15.642,1.2458,1.7022e-20,33.54,0.40092,83.34,-114.07,1,2.905,4,1.405,0.055
15.742,1.2664,1.7353e-20,33.697,0.40196,83.518,-113.91,1,2.912,4,1.412,0.055
15.841,1.2869,1.7683e-20,33.853,0.403,83.696,-113.74,1,2.919,4,1.419,0.055
15.941,1.3075,1.8014e-20,34.01,0.40403,83.873,-113.58,1,2.926,4,1.426,0.055
16.041,1.3281,1.8344e-20,34.167,0.40507,84.051,-113.42,1,2.933,4,1.433,0.055
16.14,1.3486,1.8675e-20,34.324,0.40611,84.229,-113.25,1,2.94,4,1.44,0.055
16.24,1.3692,1.9005e-20,34.48,0.40715,84.407,-113.09,1,2.947,4,1.447,0.055
16.34,1.3897,1.9336e-20,34.637,0.40819,84.585,-112.93,1,2.954,4,1.454,0.055
16.439,1.4103,1.9666e-20,34.794,0.40923,84.762,-112.76,1,2.961,4,1.461,0.055
16.539,1.4308,1.9996e-20,34.95,0.41027,84.94,-112.6,1,2.968,4,1.468,0.055
16.639,1.4514,2.0327e-20,35.107,0.4113,85.118,-112.44,1,2.975,4,1.475,0.055
16.738,1.472,2.0657e-20,35.264,0.41234,85.296,-112.27,1,2.982,4,1.482,0.055
16.838,1.4925,2.0988e-20,35.421,0.41338,85.473,-112.11,1,2.989,4,1.489,0.055
16.938,1.5131,2.1318e-20,35.577,0.41442,85.651,-111.95,1,2.996,4,1.496,0.055
17.055,1.5275,2.1626e-20,35.674,0.4149,85.793,-111.74,1,3.003,4,1.503,0.055
17.192,1.5331,2.173e-20,35.662,0.41445,85.862,-111.5,1,3.01,4,1.51,0.055
17.33,1.5386,2.1834e-20,35.65,0.414,85.932,-111.25,1,3.017,4,1.517,0.055
17.467,1.5442,2.1938e-20,35.639,0.41355,86.001,-111.01,1,3.024,4,1.524,0.055
17.604,1.5498,2.2042e-20,35.627,0.4131,86.071,-110.77,1,3.031,4,1.531,0.055
17.741,1.5553,2.2146e-20,35.615,0.41265,86.14,-110.52,1,3.038,4,1.538,0.055
17.879,1.5609,2.225e-20,35.604,0.4122,86.21,-110.28,1,3.045,4,1.545,0.055
18.016,1.5664,2.2354e-20,35.592,0.41174,86.279,-110.04,1,3.052,4,1.552,0.055
18.153,1.572,2.2458e-20,35.58,0.41129,86.349,-109.79,1,3.059,4,1.559,0.055
18.29,1.5775,2.2562e-20,35.569,0.41084,86.419,-109.55,1,3.066,4,1.566,0.055
18.428,1.5831,2.2666e-20,35.557,0.41039,86.488,-109.31,1,3.073,4,1.573,0.055
18.565,1.5886,2.277e-20,35.545,0.40994,86.558,-109.06,1,3.08,4,1.58,0.055
18.702,1.5942,2.2875e-20,35.534,0.40949,86.627,-108.82,1,3.087,4,1.587,0.055
18.839,1.5998,2.2979e-20,35.522,0.40904,86.697,-108.58,1,3.094,4,1.594,0.055
18.977,1.6053,2.3083e-20,35.51,0.40859,86.766,-108.34,1,3.101,4,1.601,0.055
19.114,1.6109,2.3187e-20,35.499,0.40814,86.836,-108.09,1,3.108,4,1.608,0.055
19.251,1.6164,2.3291e-20,35.487,0.40769,86.906,-107.85,1,3.115,4,1.615,0.055
19.388,1.622,2.3395e-20,35.475,0.40723,86.975,-107.61,1,3.122,4,1.622,0.055
19.526,1.6275,2.3499e-20,35.464,0.40678,87.045,-107.36,1,3.129,4,1.629,0.055
19.663,1.6331,2.3603e-20,35.452,0.40633,87.114,-107.12,1,3.136,4,1.636,0.055
19.8,1.6387,2.3707e-20,35.44,0.40588,87.184,-106.88,1,3.143,4,1.643,0.055
19.937,1.6442,2.3811e-20,35.429,0.40543,87.253,-106.63,1,3.15,4,1.65,0.055
20.075,1.6498,2.3915e-20,35.417,0.40498,87.323,-106.39,1,3.157,4,1.657,0.055
20.212,1.6553,2.4019e-20,35.405,0.40453,87.393,-106.15,1,3.164,4,1.664,0.055
20.349,1.6609,2.4123e-20,35.394,0.40408,87.462,-105.9,1,3.171,4,1.671,0.055
20.487,1.6664,2.4227e-20,35.382,0.40363,87.532,-105.66,1,3.178,4,1.678,0.055
20.624,1.672,2.4331e-20,35.37,0.40318,87.601,-105.42,1,3.185,4,1.685,0.055
20.761,1.6775,2.4435e-20,35.359,0.40272,87.671,-105.17,1,3.192,4,1.692,0.055
20.898,1.6831,2.4539e-20,35.347,0.40227,87.74,-104.93,1,3.199,4,1.699,0.055
21.036,1.6887,2.4643e-20,35.335,0.40182,87.81,-104.69,1,3.206,4,1.706,0.055
21.173,1.6942,2.4748e-20,35.324,0.40137,87.879,-104.45,1,3.213,4,1.713,0.055
21.31,1.6998,2.4852e-20,35.312,0.40092,87.949,-104.2,1,3.22,4,1.72,0.055
21.447,1.7053,2.4956e-20,35.3,0.40047,88.019,-103.96,1,3.227,4,1.727,0.055
21.585,1.7109,2.506e-20,35.289,0.40002,88.088,-103.72,1,3.234,4,1.734,0.055
21.722,1.7164,2.5164e-20,35.277,0.39957,88.158,-103.47,1,3.241,4,1.741,0.055
21.859,1.722,2.5268e-20,35.265,0.39912,88.227,-103.23,1,3.248,4,1.748,0.055
21.95,1.711,2.5247e-20,34.952,0.39623,87.849,-103.03,1,3.255,4,1.755,0.055
22.019,1.6928,2.6327e-20,34.507,0.39225,87.257,-102.87,1,3.262,4,1.762,0.055
22.089,1.6747,2.7408e-20,34.062,0.38827,86.666,-102.71,1,3.269,4,1.769,0.055
22.158,1.6565,2.8489e-20,33.618,0.38429,86.075,-102.55,1,3.276,4,1.776,0.055
22.227,1.6383,2.957e-20,33.173,0.38031,85.484,-102.39,1,3.283,4,1.783,0.055
22.297,1.6202,3.0651e-20,32.729,0.37633,84.893,-102.23,1,3.29,4,1.79,0.055
22.366,1.602,3.1732e-20,32.284,0.37236,84.301,-102.06,1,3.297,4,1.797,0.055
22.435,1.5839,3.2813e-20,31.84,0.36838,83.71,-101.9,1,3.304,4,1.804,0.055
22.504,1.5657,3.3894e-20,31.395,0.3644,83.119,-101.74,1,3.311,4,1.811,0.055
22.574,1.5475,3.4975e-20,30.951,0.36042,82.528,-101.58,1,3.318,4,1.818,0.055
22.643,1.5294,3.6056e-20,30.506,0.35644,81.936,-101.42,1,3.325,4,1.825,0.055
22.712,1.5112,3.7137e-20,30.062,0.35247,81.345,-101.26,1,3.332,4,1.832,0.055
22.782,1.4931,3.8218e-20,29.617,0.34849,80.754,-101.1,1,3.339,4,1.839,0.055
22.851,1.4749,3.9298e-20,29.173,0.34451,80.163,-100.94,1,3.346,4,1.846,0.055
22.92,1.4567,4.0379e-20,28.728,0.34053,79.571,-100.77,1,3.353,4,1.853,0.055
22.989,1.4386,4.146e-20,28.284,0.33655,78.98,-100.61,1,3.36,4,1.86,0.055
23.059,1.4204,4.2541e-20,27.839,0.33257,78.389,-100.45,1,3.367,4,1.867,0.055
23.128,1.4023,4.3622e-20,27.394,0.3286,77.798,-100.29,1,3.374,4,1.874,0.055
23.197,1.3841,4.4703e-20,26.95,0.32462,77.207,-100.13,1,3.381,4,1.881,0.055
23.267,1.3659,4.5784e-20,26.505,0.32064,76.615,-99.969,1,3.388,4,1.888,0.055
23.336,1.3478,4.6865e-20,26.061,0.31666,76.024,-99.808,1,3.395,4,1.895,0.055
23.405,1.3296,4.7946e-20,25.616,0.31268,75.433,-99.646,1,3.402,4,1.902,0.055
23.474,1.3115,4.9027e-20,25.172,0.3087,74.842,-99.485,1,3.409,4,1.909,0.055
23.544,1.2933,5.0108e-20,24.727,0.30473,74.25,-99.324,1,3.416,4,1.916,0.055
23.613,1.2752,5.1189e-20,24.283,0.30075,73.659,-99.163,1,3.423,4,1.923,0.055
23.682,1.257,5.227e-20,23.838,0.29677,73.068,-99.002,1,3.43,4,1.93,0.055
23.752,1.2388,5.335e-20,23.394,0.29279,72.477,-98.841,1,3.437,4,1.937,0.055
23.821,1.2207,5.4431e-20,22.949,0.28881,71.885,-98.679,1,3.444,4,1.944,0.055
23.89,1.2025,5.5512e-20,22.505,0.28484,71.294,-98.518,1,3.451,4,1.951,0.055
23.96,1.1844,5.6593e-20,22.06,0.28086,70.703,-98.357,1,3.458,4,1.958,0.055
24.029,1.1662,5.7674e-20,21.616,0.27688,70.112,-98.196,1,3.465,4,1.965,0.055
24.098,1.148,5.8755e-20,21.171,0.2729,69.521,-98.035,1,3.472,4,1.972,0.055
24.167,1.1299,5.9836e-20,20.727,0.26892,68.929,-97.874,1,3.479,4,1.979,0.055
24.237,1.1117,6.0917e-20,20.282,0.26494,68.338,-97.712,1,3.486,4,1.986,0.055
24.306,1.0936,6.1998e-20,19.837,0.26097,67.747,-97.551,1,3.493,4,1.993,0.055
24.375,1.0754,6.3079e-20,19.393,0.25699,67.156,-97.39,1,3.5,4,2,0.055
24.384,1.059,6.4751e-20,18.958,0.2522,66.283,-97.361,1,3.507,4,2.007,0.055
24.394,1.0426,6.6422e-20,18.524,0.24742,65.41,-97.332,1,3.514,4,2.014,0.055
24.403,1.0262,6.8094e-20,18.09,0.24263,64.537,-97.303,1,3.521,4,2.021,0.055
24.412,1.0099,6.9766e-20,17.655,0.23785,63.665,-97.274,1,3.528,4,2.028,0.055
24.421,0.99347,7.1438e-20,17.221,0.23306,62.792,-97.245,1,3.535,4,2.035,0.055
24.43,0.97708,7.311e-20,16.786,0.22828,61.919,-97.216,1,3.542,4,2.042,0.055
24.439,0.9607,7.4782e-20,16.352,0.22349,61.047,-97.187,1,3.549,4,2.049,0.055
24.448,0.94431,7.6454e-20,15.917,0.21871,60.174,-97.158,1,3.556,4,2.056,0.055
24.457,0.92793,7.8126e-20,15.483,0.21392,59.301,-97.129,1,3.563,4,2.063,0.055
24.466,0.91155,7.9798e-20,15.048,0.20914,58.428,-97.1,1,3.57,4,2.07,0.055
24.476,0.89516,8.147e-20,14.614,0.20435,57.555,-97.072,1,3.577,4,2.077,0.055
24.485,0.87878,8.3142e-20,14.179,0.19957,56.683,-97.043,1,3.584,4,2.084,0.055
24.494,0.8624,8.4814e-20,13.745,0.19478,55.81,-97.014,1,3.591,4,2.091,0.055
24.503,0.84602,8.6486e-20,13.31,0.19,54.937,-96.985,1,3.598,4,2.098,0.055
24.512,0.82963,8.8158e-20,12.876,0.18521,54.064,-96.956,1,3.605,4,2.105,0.055
24.521,0.81325,8.983e-20,12.441,0.18043,53.191,-96.927,1,3.612,4,2.112,0.055
24.53,0.79687,9.1502e-20,12.007,0.17564,52.319,-96.898,1,3.619,4,2.119,0.055
24.539,0.78049,9.3174e-20,11.572,0.17086,51.446,-96.869,1,3.626,4,2.126,0.055
24.549,0.76411,9.4847e-20,11.138,0.16607,50.573,-96.84,1,3.633,4,2.133,0.055
24.558,0.74773,9.6519e-20,10.703,0.16129,49.7,-96.812,1,3.64,4,2.14,0.055
24.567,0.73135,9.8191e-20,10.269,0.1565,48.827,-96.783,1,3.647,4,2.147,0.055
24.576,0.71497,9.9863e-20,9.8346,0.15172,47.954,-96.754,1,3.654,4,2.154,0.055
24.585,0.69859,1.0154e-19,9.4001,0.14693,47.082,-96.725,1,3.661,4,2.161,0.055
24.594,0.68221,1.0321e-19,8.9656,0.14215,46.209,-96.696,1,3.668,4,2.168,0.055
24.603,0.66584,1.0488e-19,8.5311,0.13736,45.336,-96.667,1,3.675,4,2.175,0.055
24.612,0.64946,1.0655e-19,8.0967,0.13258,44.463,-96.639,1,3.682,4,2.182,0.055
24.622,0.63308,1.0822e-19,7.6622,0.12779,43.59,-96.61,1,3.689,4,2.189,0.055
24.631,0.6167,1.099e-19,7.2277,0.12301,42.717,-96.581,1,3.696,4,2.196,0.055
24.64,0.60032,1.1157e-19,6.7932,0.11822,41.844,-96.552,1,3.703,4,2.203,0.055
24.649,0.58395,1.1324e-19,6.3588,0.11344,40.971,-96.523,1,3.71,4,2.21,0.055
24.658,0.56757,1.1491e-19,5.9243,0.10865,40.098,-96.495,1,3.717,4,2.217,0.055
24.667,0.5512,1.1659e-19,5.4898,0.10387,39.226,-96.466,1,3.724,4,2.224,0.055
24.676,0.53482,1.1826e-19,5.0553,0.099081,38.353,-96.437,1,3.731,4,2.231,0.055
24.685,0.51844,1.1993e-19,4.6209,0.094296,37.48,-96.408,1,3.738,4,2.238,0.055
24.695,0.50207,1.216e-19,4.1864,0.089511,36.607,-96.38,1,3.745,4,2.245,0.055
24.703,0.48871,1.2149e-19,3.8385,0.085432,35.862,-96.353,1,3.752,4,2.252,0.055
24.708,0.48401,1.1625e-19,3.7389,0.083376,35.483,-96.334,1,3.759,4,2.259,0.055
24.714,0.47931,1.1102e-19,3.6393,0.081321,35.104,-96.315,1,3.766,4,2.266,0.055
24.719,0.47461,1.0578e-19,3.5396,0.079266,34.725,-96.296,1,3.773,4,2.273,0.055
24.725,0.46991,1.0054e-19,3.44,0.077211,34.347,-96.277,1,3.78,4,2.28,0.055
24.731,0.4652,9.5307e-20,3.3404,0.075156,33.968,-96.257,1,3.787,4,2.287,0.055
24.736,0.4605,9.007e-20,3.2408,0.073101,33.589,-96.238,1,3.794,4,2.294,0.055
24.742,0.4558,8.4833e-20,3.1412,0.071046,33.211,-96.219,1,3.801,4,2.301,0.055
24.747,0.4511,7.9595e-20,3.0415,0.068991,32.832,-96.2,1,3.808,4,2.308,0.055
24.753,0.4464,7.4358e-20,2.9419,0.066935,32.453,-96.18,1,3.815,4,2.315,0.055
24.758,0.4417,6.9121e-20,2.8423,0.06488,32.075,-96.161,1,3.822,4,2.322,0.055
24.764,0.43699,6.3883e-20,2.7427,0.062825,31.696,-96.142,1,3.829,4,2.329,0.055
24.769,0.43229,5.8645e-20,2.643,0.06077,31.317,-96.123,1,3.836,4,2.336,0.055
24.775,0.42759,5.3407e-20,2.5434,0.058715,30.938,-96.103,1,3.843,4,2.343,0.055
24.781,0.42289,4.8169e-20,2.4438,0.056659,30.56,-96.084,1,3.85,4,2.35,0.055
24.786,0.41818,4.2931e-20,2.3442,0.054604,30.181,-96.065,1,3.857,4,2.357,0.055
24.792,0.41348,3.7693e-20,2.2445,0.052549,29.802,-96.046,1,3.864,4,2.364,0.055
24.797,0.40878,3.2454e-20,2.1449,0.050494,29.424,-96.026,1,3.871,4,2.371,0.055
24.803,0.40408,2.7216e-20,2.0453,0.048438,29.045,-96.007,1,3.878,4,2.378,0.055
24.808,0.39937,2.1977e-20,1.9457,0.046383,28.666,-95.988,1,3.885,4,2.385,0.055
24.814,0.39467,1.6738e-20,1.846,0.044328,28.287,-95.969,1,3.892,4,2.392,0.055
24.819,0.38997,1.1499e-20,1.7464,0.042272,27.909,-95.949,1,3.899,4,2.399,0.055
24.825,0.38527,6.2601e-21,1.6468,0.040217,27.53,-95.93,1,3.906,4,2.406,0.055
24.831,0.38056,1.0207e-21,1.5471,0.038162,27.151,-95.911,1,3.913,4,2.413,0.055
24.836,0.37586,-4.2186e-21,1.4475,0.036106,26.772,-95.891,1,3.92,4,2.42,0.055
24.842,0.37116,-9.4581e-21,1.3479,0.034051,26.394,-95.872,1,3.927,4,2.427,0.055
24.847,0.36645,-1.4698e-20,1.2482,0.031995,26.015,-95.853,1,3.934,4,2.434,0.055
24.853,0.36175,-1.9937e-20,1.1486,0.02994,25.636,-95.834,1,3.941,4,2.441,0.055
24.858,0.35705,-2.5177e-20,1.0489,0.027885,25.257,-95.814,1,3.948,4,2.448,0.055
24.864,0.35235,-3.0417e-20,0.94931,0.025829,24.879,-95.795,1,3.955,4,2.455,0.055
24.869,0.34764,-3.5657e-20,0.84967,0.023774,24.5,-95.776,1,3.962,4,2.462,0.055
24.875,0.34294,-4.0898e-20,0.75002,0.021718,24.121,-95.756,1,3.969,4,2.469,0.055
24.88,0.33823,-4.6138e-20,0.65038,0.019663,23.742,-95.737,1,3.976,4,2.476,0.055
24.886,0.33353,-5.1379e-20,0.55074,0.017607,23.364,-95.718,1,3.983,4,2.483,0.055
24.892,0.32883,-5.6619e-20,0.4511,0.015552,22.985,-95.699,1,3.99,4,2.49,0.055
24.897,0.32412,-6.186e-20,0.35145,0.013496,22.606,-95.679,1,3.997,4,2.497,0.055
24.9,0.31945,-6.4157e-20,0.30088,0.012374,22.4,-95.669,1,4.004,4,2.504,0.055
24.901,0.31479,-6.3874e-20,0.29333,0.012072,22.344,-95.666,1,4.011,4,2.511,0.055
24.902,0.31013,-6.359e-20,0.28578,0.011769,22.289,-95.663,1,4.018,4,2.518,0.055
24.903,0.30548,-6.3307e-20,0.27823,0.011466,22.234,-95.66,1,4.025,4,2.525,0.055
24.904,0.30082,-6.3024e-20,0.27068,0.011163,22.178,-95.658,1,4.032,4,2.532,0.055
24.905,0.29616,-6.274e-20,0.26312,0.01086,22.123,-95.655,1,4.039,4,2.539,0.055
24.906,0.29151,-6.2457e-20,0.25557,0.010557,22.068,-95.652,1,4.046,4,2.546,0.055
24.907,0.28685,-6.2173e-20,0.24802,0.010254,22.013,-95.649,1,4.053,4,2.553,0.055
24.908,0.28219,-6.189e-20,0.24047,0.0099516,21.957,-95.647,1,4.06,4,2.56,0.055
24.909,0.27754,-6.1607e-20,0.23292,0.0096487,21.902,-95.644,1,4.067,4,2.567,0.055
24.91,0.27288,-6.1323e-20,0.22537,0.0093459,21.847,-95.641,1,4.074,4,2.574,0.055
24.911,0.26822,-6.104e-20,0.21781,0.009043,21.791,-95.638,1,4.081,4,2.581,0.055
24.912,0.26357,-6.0757e-20,0.21026,0.0087402,21.736,-95.636,1,4.088,4,2.588,0.055
24.913,0.25891,-6.0473e-20,0.20271,0.0084373,21.681,-95.633,1,4.095,4,2.595,0.055
24.914,0.25425,-6.019e-20,0.19516,0.0081344,21.625,-95.63,1,4.102,4,2.602,0.055
24.915,0.2496,-5.9907e-20,0.18761,0.0078316,21.57,-95.627,1,4.109,4,2.609,0.055
24.916,0.24494,-5.9623e-20,0.18005,0.0075287,21.515,-95.625,1,4.116,4,2.616,0.055
24.917,0.24028,-5.934e-20,0.1725,0.0072259,21.459,-95.622,1,4.123,4,2.623,0.055
24.918,0.23563,-5.9057e-20,0.16495,0.006923,21.404,-95.619,1,4.13,4,2.63,0.055
24.919,0.23097,-5.8774e-20,0.1574,0.0066201,21.349,-95.616,1,4.137,4,2.637,0.055
24.92,0.22631,-5.849e-20,0.14985,0.0063173,21.293,-95.614,1,4.144,4,2.644,0.055
24.921,0.22166,-5.8207e-20,0.1423,0.0060144,21.238,-95.611,1,4.151,4,2.651,0.055
24.922,0.217,-5.7924e-20,0.13474,0.0057115,21.183,-95.608,1,4.158,4,2.658,0.055
24.923,0.21235,-5.7641e-20,0.12719,0.0054087,21.128,-95.605,1,4.165,4,2.665,0.055
24.924,0.20769,-5.7357e-20,0.11964,0.0051058,21.072,-95.603,1,4.172,4,2.672,0.055
24.925,0.20303,-5.7074e-20,0.11209,0.0048029,21.017,-95.6,1,4.179,4,2.679,0.055
24.926,0.19838,-5.6791e-20,0.10453,0.0045001,20.962,-95.597,1,4.186,4,2.686,0.055
24.927,0.19372,-5.6508e-20,0.096983,0.0041972,20.906,-95.594,1,4.193,4,2.693,0.055
24.928,0.18906,-5.6225e-20,0.08943,0.0038943,20.851,-95.592,1,4.2,4,2.7,0.055
24.929,0.18441,-5.5942e-20,0.081878,0.0035914,20.796,-95.589,1,4.207,4,2.707,0.055
24.93,0.17975,-5.5658e-20,0.074326,0.0032886,20.74,-95.586,1,4.214,4,2.714,0.055
24.931,0.17509,-5.5375e-20,0.066774,0.0029857,20.685,-95.583,1,4.221,4,2.721,0.055
24.932,0.17044,-5.5092e-20,0.059222,0.0026828,20.63,-95.581,1,4.228,4,2.728,0.055
24.933,0.16578,-5.4809e-20,0.05167,0.00238,20.574,-95.578,1,4.235,4,2.735,0.055
24.934,0.16112,-5.4526e-20,0.044117,0.0020771,20.519,-95.575,1,4.242,4,2.742,0.055
24.935,0.15647,-5.4243e-20,0.036565,0.0017742,20.464,-95.572,1,4.249,4,2.749,0.055
24.935,0.15457,-5.114e-20,0.034992,0.00171,20.449,-95.59,1,4.256,4,2.756,0.055
24.934,0.1533,-4.7389e-20,0.034796,0.0017008,20.444,-95.611,1,4.263,4,2.763,0.055
24.934,0.15204,-4.3637e-20,0.0346,0.0016916,20.439,-95.633,1,4.27,4,2.77,0.055
24.933,0.15077,-3.9885e-20,0.034403,0.0016824,20.434,-95.655,1,4.277,4,2.777,0.055
24.933,0.14951,-3.6133e-20,0.034207,0.0016732,20.428,-95.677,1,4.284,4,2.784,0.055
24.932,0.14825,-3.2382e-20,0.034011,0.001664,20.423,-95.699,1,4.291,4,2.791,0.055
24.931,0.14698,-2.863e-20,0.033815,0.0016548,20.418,-95.72,1,4.298,4,2.798,0.055
24.931,0.14572,-2.4878e-20,0.033619,0.0016456,20.413,-95.742,1,4.305,4,2.805,0.055
24.93,0.14445,-2.1127e-20,0.033422,0.0016363,20.408,-95.764,1,4.312,4,2.812,0.055
24.93,0.14319,-1.7375e-20,0.033226,0.0016271,20.402,-95.786,1,4.319,4,2.819,0.055
24.929,0.14192,-1.3623e-20,0.03303,0.0016179,20.397,-95.808,1,4.326,4,2.826,0.055
24.928,0.14066,-9.8715e-21,0.032834,0.0016087,20.392,-95.829,1,4.333,4,2.833,0.055
24.928,0.1394,-6.1199e-21,0.032637,0.0015995,20.387,-95.851,1,4.34,4,2.84,0.055
24.927,0.13813,-2.3682e-21,0.032441,0.0015903,20.382,-95.873,1,4.347,4,2.847,0.055
24.927,0.13687,1.3836e-21,0.032245,0.0015811,20.376,-95.895,1,4.354,4,2.854,0.055
24.926,0.1356,5.1352e-21,0.032049,0.0015719,20.371,-95.916,1,4.361,4,2.861,0.055
24.925,0.13434,8.8869e-21,0.031853,0.0015627,20.366,-95.938,1,4.368,4,2.868,0.055
24.925,0.13307,1.2639e-20,0.031656,0.0015535,20.361,-95.96,1,4.375,4,2.875,0.055
24.924,0.13181,1.639e-20,0.03146,0.0015443,20.356,-95.982,1,4.382,4,2.882,0.055
24.923,0.13055,2.0142e-20,0.031264,0.001535,20.35,-96.004,1,4.389,4,2.889,0.055
24.923,0.12928,2.3893e-20,0.031068,0.0015258,20.345,-96.025,1,4.396,4,2.896,0.055
24.922,0.12802,2.7645e-20,0.030872,0.0015166,20.34,-96.047,1,4.403,4,2.903,0.055
24.922,0.12675,3.1397e-20,0.030675,0.0015074,20.335,-96.069,1,4.41,4,2.91,0.055
24.921,0.12549,3.5148e-20,0.030479,0.0014982,20.329,-96.091,1,4.417,4,2.917,0.055
24.92,0.12423,3.89e-20,0.030283,0.001489,20.324,-96.113,1,4.424,4,2.924,0.055
24.92,0.12296,4.2652e-20,0.030087,0.0014798,20.319,-96.134,1,4.431,4,2.931,0.055
24.919,0.1217,4.6403e-20,0.02989,0.0014706,20.314,-96.156,1,4.438,4,2.938,0.055
24.919,0.12043,5.0155e-20,0.029694,0.0014614,20.309,-96.178,1,4.445,4,2.945,0.055
24.918,0.11917,5.3907e-20,0.029498,0.0014522,20.303,-96.2,1,4.452,4,2.952,0.055
24.917,0.1179,5.7658e-20,0.029302,0.001443,20.298,-96.222,1,4.459,4,2.959,0.055
24.917,0.11664,6.141e-20,0.029106,0.0014337,20.293,-96.243,1,4.466,4,2.966,0.055
24.916,0.11538,6.5161e-20,0.028909,0.0014245,20.288,-96.265,1,4.473,4,2.973,0.055
24.916,0.11411,6.8913e-20,0.028713,0.0014153,20.283,-96.287,1,4.48,4,2.98,0.055
24.915,0.11285,7.2665e-20,0.028517,0.0014061,20.277,-96.309,1,4.487,4,2.987,0.055
24.914,0.11158,7.6416e-20,0.028321,0.0013969,20.272,-96.331,1,4.494,4,2.994,0.055
24.914,0.11025,7.9693e-20,0.028142,0.0013885,20.267,-96.352,1,4.501,4,3.001,0.055
24.913,0.10818,7.8167e-20,0.028134,0.0013883,20.265,-96.366,1,4.508,4,3.008,0.055
24.912,0.10612,7.6641e-20,0.028126,0.001388,20.263,-96.38,1,4.515,4,3.015,0.055
24.911,0.10406,7.5115e-20,0.028118,0.0013878,20.26,-96.394,1,4.522,4,3.022,0.055
24.91,0.102,7.3588e-20,0.02811,0.0013876,20.258,-96.408,1,4.529,4,3.029,0.055
24.909,0.099933,7.2062e-20,0.028102,0.0013873,20.256,-96.422,1,4.536,4,3.036,0.055
24.908,0.097871,7.0536e-20,0.028094,0.0013871,20.254,-96.436,1,4.543,4,3.043,0.055
24.907,0.095808,6.901e-20,0.028086,0.0013869,20.251,-96.45,1,4.55,4,3.05,0.055
24.906,0.093745,6.7484e-20,0.028078,0.0013866,20.249,-96.464,1,4.557,4,3.057,0.055
24.905,0.091682,6.5957e-20,0.02807,0.0013864,20.247,-96.478,1,4.564,4,3.064,0.055
24.904,0.089619,6.4431e-20,0.028062,0.0013861,20.245,-96.492,1,4.571,4,3.071,0.055
24.903,0.087556,6.2905e-20,0.028054,0.0013859,20.242,-96.506,1,4.578,4,3.078,0.055
24.902,0.085493,6.1378e-20,0.028046,0.0013857,20.24,-96.521,1,4.585,4,3.085,0.055
24.901,0.083431,5.9852e-20,0.028038,0.0013854,20.238,-96.535,1,4.592,4,3.092,0.055
24.9,0.081368,5.8326e-20,0.028031,0.0013852,20.235,-96.549,1,4.599,4,3.099,0.055
24.899,0.079305,5.6799e-20,0.028023,0.001385,20.233,-96.563,1,4.606,4,3.106,0.055
24.898,0.077242,5.5273e-20,0.028015,0.0013847,20.231,-96.577,1,4.613,4,3.113,0.055
24.897,0.075179,5.3747e-20,0.028007,0.0013845,20.229,-96.591,1,4.62,4,3.12,0.055
24.896,0.073116,5.222e-20,0.027999,0.0013843,20.226,-96.605,1,4.627,4,3.127,0.055
24.895,0.071054,5.0694e-20,0.027991,0.001384,20.224,-96.619,1,4.634,4,3.134,0.055
24.894,0.068991,4.9167e-20,0.027983,0.0013838,20.222,-96.633,1,4.641,4,3.141,0.055
24.892,0.066928,4.7641e-20,0.027975,0.0013835,20.219,-96.647,1,4.648,4,3.148,0.055
24.891,0.064865,4.6114e-20,0.027967,0.0013833,20.217,-96.661,1,4.655,4,3.155,0.055
24.89,0.062802,4.4588e-20,0.027959,0.0013831,20.215,-96.675,1,4.662,4,3.162,0.055
24.889,0.06074,4.3061e-20,0.027951,0.0013828,20.213,-96.689,1,4.669,4,3.169,0.055
24.888,0.058677,4.1535e-20,0.027943,0.0013826,20.21,-96.703,1,4.676,4,3.176,0.055
24.887,0.056614,4.0008e-20,0.027935,0.0013824,20.208,-96.718,1,4.683,4,3.183,0.055
24.886,0.054551,3.8482e-20,0.027927,0.0013821,20.206,-96.732,1,4.69,4,3.19,0.055
24.885,0.052489,3.6955e-20,0.027919,0.0013819,20.204,-96.746,1,4.697,4,3.197,0.055
24.884,0.050426,3.5429e-20,0.027911,0.0013817,20.201,-96.76,1,4.704,4,3.204,0.055
24.883,0.048363,3.3902e-20,0.027904,0.0013814,20.199,-96.774,1,4.711,4,3.211,0.055
24.882,0.0463,3.2375e-20,0.027896,0.0013812,20.197,-96.788,1,4.718,4,3.218,0.055
24.881,0.044238,3.0849e-20,0.027888,0.0013809,20.194,-96.802,1,4.725,4,3.225,0.055
24.88,0.042175,2.9322e-20,0.02788,0.0013807,20.192,-96.816,1,4.732,4,3.232,0.055
24.879,0.040112,2.7795e-20,0.027872,0.0013805,20.19,-96.83,1,4.739,4,3.239,0.055
24.878,0.038049,2.6268e-20,0.027864,0.0013802,20.188,-96.844,1,4.746,4,3.246,0.055
24.877,0.036503,2.5133e-20,0.027857,0.0013801,20.186,-96.858,1,4.753,4,3.253,0.055
24.875,0.03586,2.468e-20,0.027853,0.00138,20.184,-96.87,1,4.76,4,3.26,0.055
24.874,0.035216,2.4228e-20,0.027849,0.0013799,20.182,-96.882,1,4.767,4,3.267,0.055
24.872,0.034572,2.3775e-20,0.027845,0.0013798,20.181,-96.895,1,4.774,4,3.274,0.055
24.871,0.033928,2.3323e-20,0.027841,0.0013797,20.179,-96.907,1,4.781,4,3.281,0.055
24.869,0.033285,2.287e-20,0.027837,0.0013796,20.177,-96.92,1,4.788,4,3.288,0.055
24.867,0.032641,2.2418e-20,0.027832,0.0013795,20.176,-96.932,1,4.795,4,3.295,0.055
24.866,0.031997,2.1965e-20,0.027828,0.0013794,20.174,-96.944,1,4.802,4,3.302,0.055
24.864,0.031353,2.1513e-20,0.027824,0.0013793,20.172,-96.957,1,4.809,4,3.309,0.055
24.863,0.03071,2.1061e-20,0.02782,0.0013792,20.171,-96.969,1,4.816,4,3.316,0.055
24.861,0.030066,2.0608e-20,0.027816,0.0013791,20.169,-96.982,1,4.823,4,3.323,0.055
24.859,0.029422,2.0156e-20,0.027812,0.001379,20.168,-96.994,1,4.83,4,3.33,0.055
24.858,0.028778,1.9703e-20,0.027807,0.0013789,20.166,-97.006,1,4.837,4,3.337,0.055
24.856,0.028135,1.9251e-20,0.027803,0.0013788,20.164,-97.019,1,4.844,4,3.344,0.055
24.855,0.027491,1.8799e-20,0.027799,0.0013787,20.163,-97.031,1,4.851,4,3.351,0.055
24.853,0.026847,1.8346e-20,0.027795,0.0013786,20.161,-97.044,1,4.858,4,3.358,0.055
24.851,0.026203,1.7894e-20,0.027791,0.0013785,20.159,-97.056,1,4.865,4,3.365,0.055
24.85,0.02556,1.7441e-20,0.027787,0.0013784,20.158,-97.068,1,4.872,4,3.372,0.055
24.848,0.024916,1.6989e-20,0.027782,0.0013783,20.156,-97.081,1,4.879,4,3.379,0.055
24.846,0.024272,1.6537e-20,0.027778,0.0013783,20.155,-97.093,1,4.886,4,3.386,0.055
24.845,0.023629,1.6085e-20,0.027774,0.0013782,20.153,-97.106,1,4.893,4,3.393,0.055
24.843,0.022985,1.5632e-20,0.02777,0.0013781,20.151,-97.118,1,4.9,4,3.4,0.055
24.842,0.022341,1.518e-20,0.027766,0.001378,20.15,-97.13,1,4.907,4,3.407,0.055
24.84,0.021698,1.4728e-20,0.027762,0.0013779,20.148,-97.143,1,4.914,4,3.414,0.055
24.838,0.021054,1.4276e-20,0.027757,0.0013778,20.146,-97.155,1,4.921,4,3.421,0.055
24.837,0.02041,1.3823e-20,0.027753,0.0013777,20.145,-97.168,1,4.928,4,3.428,0.055
24.835,0.019767,1.3371e-20,0.027749,0.0013776,20.143,-97.18,1,4.935,4,3.435,0.055
24.834,0.019123,1.2919e-20,0.027745,0.0013775,20.141,-97.192,1,4.942,4,3.442,0.055
24.832,0.018479,1.2467e-20,0.027741,0.0013774,20.14,-97.205,1,4.949,4,3.449,0.055
24.83,0.017836,1.2015e-20,0.027737,0.0013773,20.138,-97.217,1,4.956,4,3.456,0.055
24.829,0.017192,1.1562e-20,0.027732,0.0013772,20.137,-97.23,1,4.963,4,3.463,0.055
24.827,0.016548,1.111e-20,0.027728,0.0013771,20.135,-97.242,1,4.97,4,3.47,0.055
24.826,0.015905,1.0658e-20,0.027724,0.001377,20.133,-97.254,1,4.977,4,3.477,0.055
24.824,0.015261,1.0206e-20,0.02772,0.0013769,20.132,-97.267,1,4.984,4,3.484,0.055
24.822,0.014617,9.7539e-21,0.027716,0.0013768,20.13,-97.279,1,4.991,4,3.491,0.055
24.821,0.013974,9.3018e-21,0.027712,0.0013767,20.128,-97.292,1,4.998,4,3.498,0.055
24.819,0.01332,8.7596e-21,0.027708,0.0013767,20.127,-97.302,1,5.005,4,3.505,0.055
24.818,0.012661,8.1667e-21,0.027705,0.0013766,20.126,-97.313,1,5.012,4,3.512,0.055
24.816,0.012002,7.5738e-21,0.027702,0.0013765,20.124,-97.323,1,5.019,4,3.519,0.055
24.814,0.011342,6.9809e-21,0.027699,0.0013765,20.123,-97.333,1,5.026,4,3.526,0.055
24.813,0.010683,6.3879e-21,0.027696,0.0013764,20.122,-97.343,1,5.033,4,3.533,0.055
24.811,0.010024,5.795e-21,0.027693,0.0013763,20.121,-97.353,1,5.04,4,3.54,0.055
24.81,0.0093647,5.2021e-21,0.02769,0.0013763,20.119,-97.363,1,5.047,4,3.547,0.055
24.808,0.0087055,4.6092e-21,0.027686,0.0013762,20.118,-97.373,1,5.054,4,3.554,0.055
24.807,0.0080462,4.0162e-21,0.027683,0.0013761,20.117,-97.383,1,5.061,4,3.561,0.055
24.805,0.007387,3.4233e-21,0.02768,0.0013761,20.115,-97.393,1,5.068,4,3.568,0.055
24.803,0.0067278,2.8304e-21,0.027677,0.001376,20.114,-97.403,1,5.075,4,3.575,0.055
24.802,0.0060686,2.2375e-21,0.027674,0.0013759,20.113,-97.413,1,5.082,4,3.582,0.055
24.8,0.0054093,1.6446e-21,0.027671,0.0013759,20.111,-97.423,1,5.089,4,3.589,0.055
24.799,0.0047501,1.0516e-21,0.027668,0.0013758,20.11,-97.434,1,5.096,4,3.596,0.055
24.797,0.0040909,4.5871e-22,0.027665,0.0013758,20.109,-97.444,1,5.103,4,3.603,0.055
24.796,0.0034317,-1.3421e-22,0.027662,0.0013757,20.107,-97.454,1,5.11,4,3.61,0.055
24.794,0.0027724,-7.2715e-22,0.027659,0.0013756,20.106,-97.464,1,5.117,4,3.617,0.055
24.792,0.0021132,-1.3201e-21,0.027656,0.0013756,20.105,-97.474,1,5.124,4,3.624,0.055
24.791,0.001454,-1.913e-21,0.027652,0.0013755,20.104,-97.484,1,5.131,4,3.631,0.055
24.789,0.00079481,-2.5059e-21,0.027649,0.0013754,20.102,-97.494,1,5.138,4,3.638,0.055
24.788,0.0001356,-3.0989e-21,0.027646,0.0013754,20.101,-97.504,1,5.145,4,3.645,0.055
24.786,-0.00052361,-3.6918e-21,0.027643,0.0013753,20.1,-97.514,1,5.152,4,3.652,0.055
24.785,-0.0011828,-4.2847e-21,0.02764,0.0013752,20.098,-97.524,1,5.159,4,3.659,0.055
24.783,-0.001842,-4.8776e-21,0.027637,0.0013752,20.097,-97.534,1,5.166,4,3.666,0.055
24.781,-0.0025013,-5.4706e-21,0.027634,0.0013751,20.096,-97.544,1,5.173,4,3.673,0.055
24.78,-0.0031605,-6.0635e-21,0.027631,0.001375,20.094,-97.554,1,5.18,4,3.68,0.055
24.778,-0.0038197,-6.6564e-21,0.027628,0.001375,20.093,-97.565,1,5.187,4,3.687,0.055
24.777,-0.0044789,-7.2494e-21,0.027625,0.0013749,20.092,-97.575,1,5.194,4,3.694,0.055
24.775,-0.0051381,-7.8423e-21,0.027622,0.0013748,20.091,-97.585,1,5.201,4,3.701,0.055
24.774,-0.0057973,-8.4352e-21,0.027618,0.0013748,20.089,-97.595,1,5.208,4,3.708,0.055
24.772,-0.0064565,-9.0282e-21,0.027615,0.0013747,20.088,-97.605,1,5.215,4,3.715,0.055
24.77,-0.0071156,-9.6211e-21,0.027612,0.0013747,20.087,-97.615,1,5.222,4,3.722,0.055
24.769,-0.0077749,-1.0214e-20,0.027609,0.0013746,20.085,-97.625,1,5.229,4,3.729,0.055
24.767,-0.0084341,-1.0807e-20,0.027606,0.0013745,20.084,-97.635,1,5.236,4,3.736,0.055
24.766,-0.0090932,-1.14e-20,0.027603,0.0013745,20.083,-97.645,1,5.243,4,3.743,0.055
24.764,-0.0097524,-1.1993e-20,0.0276,0.0013744,20.081,-97.655,1,5.25,4,3.75,0.055
24.762,-0.010027,-1.1304e-20,0.027597,0.0013743,20.08,-97.663,1,5.257,4,3.757,0.055
24.761,-0.010267,-1.0496e-20,0.027595,0.0013743,20.079,-97.67,1,5.264,4,3.764,0.055
24.759,-0.010506,-9.6887e-21,0.027593,0.0013743,20.078,-97.678,1,5.271,4,3.771,0.055
24.758,-0.010745,-8.8813e-21,0.02759,0.0013742,20.077,-97.685,1,5.278,4,3.778,0.055
24.756,-0.010985,-8.0739e-21,0.027588,0.0013742,20.076,-97.693,1,5.285,4,3.785,0.055
24.754,-0.011224,-7.2666e-21,0.027585,0.0013741,20.075,-97.7,1,5.292,4,3.792,0.055
24.753,-0.011463,-6.4592e-21,0.027583,0.0013741,20.074,-97.707,1,5.299,4,3.799,0.055
24.751,-0.011703,-5.6518e-21,0.027581,0.001374,20.073,-97.715,1,5.306,4,3.806,0.055
24.75,-0.011942,-4.8445e-21,0.027578,0.001374,20.072,-97.722,1,5.313,4,3.813,0.055
24.748,-0.012182,-4.0371e-21,0.027576,0.0013739,20.071,-97.73,1,5.32,4,3.82,0.055
24.746,-0.012421,-3.2298e-21,0.027573,0.0013739,20.07,-97.737,1,5.327,4,3.827,0.055
24.745,-0.01266,-2.4224e-21,0.027571,0.0013738,20.068,-97.745,1,5.334,4,3.834,0.055
24.743,-0.0129,-1.6151e-21,0.027569,0.0013738,20.067,-97.752,1,5.341,4,3.841,0.055
24.741,-0.013139,-8.0773e-22,0.027566,0.0013737,20.066,-97.759,1,5.348,4,3.848,0.055
24.74,-0.013378,-4.0501e-25,0.027564,0.0013737,20.065,-97.767,1,5.355,4,3.855,0.055
24.738,-0.013618,8.0692e-22,0.027561,0.0013736,20.064,-97.774,1,5.362,4,3.862,0.055
24.737,-0.013857,1.6142e-21,0.027559,0.0013736,20.063,-97.782,1,5.369,4,3.869,0.055
24.735,-0.014097,2.4215e-21,0.027557,0.0013736,20.062,-97.789,1,5.376,4,3.876,0.055
24.733,-0.014336,3.2289e-21,0.027554,0.0013735,20.061,-97.796,1,5.383,4,3.883,0.055
24.732,-0.014575,4.0362e-21,0.027552,0.0013735,20.06,-97.804,1,5.39,4,3.89,0.055
24.73,-0.014815,4.8435e-21,0.027549,0.0013734,20.059,-97.811,1,5.397,4,3.897,0.055
24.729,-0.015054,5.6508e-21,0.027547,0.0013734,20.058,-97.819,1,5.404,4,3.904,0.055
24.727,-0.015293,6.4581e-21,0.027544,0.0013733,20.057,-97.826,1,5.411,4,3.911,0.055
24.725,-0.015533,7.2653e-21,0.027542,0.0013733,20.056,-97.834,1,5.418,4,3.918,0.055
24.724,-0.015772,8.0726e-21,0.02754,0.0013732,20.055,-97.841,1,5.425,4,3.925,0.055
24.722,-0.016011,8.8799e-21,0.027537,0.0013732,20.053,-97.848,1,5.432,4,3.932,0.055
24.72,-0.016251,9.6872e-21,0.027535,0.0013731,20.052,-97.856,1,5.439,4,3.939,0.055
24.719,-0.01649,1.0494e-20,0.027532,0.0013731,20.051,-97.863,1,5.446,4,3.946,0.055
24.717,-0.01673,1.1302e-20,0.02753,0.001373,20.05,-97.871,1,5.453,4,3.953,0.055
24.716,-0.016969,1.2109e-20,0.027528,0.001373,20.049,-97.878,1,5.46,4,3.96,0.055
24.714,-0.017208,1.2916e-20,0.027525,0.0013729,20.048,-97.885,1,5.467,4,3.967,0.055
24.712,-0.017448,1.3723e-20,0.027523,0.0013729,20.047,-97.893,1,5.474,4,3.974,0.055
24.711,-0.017687,1.4531e-20,0.02752,0.0013729,20.046,-97.9,1,5.481,4,3.981,0.055
24.709,-0.017926,1.5338e-20,0.027518,0.0013728,20.045,-97.908,1,5.488,4,3.988,0.055
24.707,-0.018166,1.6145e-20,0.027516,0.0013728,20.044,-97.915,1,5.495,4,3.995,0.055
24.706,-0.018383,1.6769e-20,0.027513,0.0013727,20.043,-97.922,1,5.502,4,4.002,0.055
24.704,-0.018513,1.6648e-20,0.027511,0.0013727,20.042,-97.927,1,5.509,4,4.009,0.055
24.703,-0.018643,1.6527e-20,0.027509,0.0013726,20.041,-97.933,1,5.516,4,4.016,0.055
24.701,-0.018772,1.6406e-20,0.027507,0.0013726,20.04,-97.938,1,5.523,4,4.023,0.055
24.7,-0.018902,1.6285e-20,0.027505,0.0013726,20.039,-97.943,1,5.53,4,4.03,0.055
24.698,-0.019031,1.6164e-20,0.027504,0.0013725,20.038,-97.949,1,5.537,4,4.037,0.055
24.697,-0.019161,1.6043e-20,0.027502,0.0013725,20.037,-97.954,1,5.544,4,4.044,0.055
24.695,-0.01929,1.5922e-20,0.0275,0.0013725,20.037,-97.959,1,5.551,4,4.051,0.055
24.694,-0.01942,1.58e-20,0.027498,0.0013724,20.036,-97.965,1,5.558,4,4.058,0.055
24.693,-0.01955,1.5679e-20,0.027496,0.0013724,20.035,-97.97,1,5.565,4,4.065,0.055
24.691,-0.019679,1.5558e-20,0.027494,0.0013724,20.034,-97.976,1,5.572,4,4.072,0.055
24.69,-0.019809,1.5437e-20,0.027492,0.0013723,20.033,-97.981,1,5.579,4,4.079,0.055
24.688,-0.019938,1.5316e-20,0.02749,0.0013723,20.032,-97.986,1,5.586,4,4.086,0.055
24.687,-0.020068,1.5195e-20,0.027488,0.0013723,20.031,-97.992,1,5.593,4,4.093,0.055
24.685,-0.020198,1.5073e-20,0.027486,0.0013722,20.03,-97.997,1,5.6,4,4.1,0.055
24.684,-0.020327,1.4952e-20,0.027484,0.0013722,20.029,-98.002,1,5.607,4,4.107,0.055
24.682,-0.020457,1.4831e-20,0.027482,0.0013721,20.028,-98.008,1,5.614,4,4.114,0.055
24.681,-0.020586,1.471e-20,0.02748,0.0013721,20.028,-98.013,1,5.621,4,4.121,0.055
24.679,-0.020716,1.4589e-20,0.027478,0.0013721,20.027,-98.018,1,5.628,4,4.128,0.055
24.678,-0.020845,1.4467e-20,0.027476,0.001372,20.026,-98.024,1,5.635,4,4.135,0.055
24.676,-0.020975,1.4346e-20,0.027474,0.001372,20.025,-98.029,1,5.642,4,4.142,0.055
24.675,-0.021105,1.4225e-20,0.027472,0.001372,20.024,-98.034,1,5.649,4,4.149,0.055
24.673,-0.021234,1.4104e-20,0.027471,0.0013719,20.023,-98.04,1,5.656,4,4.156,0.055
24.672,-0.021364,1.3983e-20,0.027469,0.0013719,20.022,-98.045,1,5.663,4,4.163,0.055
24.67,-0.021493,1.3861e-20,0.027467,0.0013719,20.021,-98.05,1,5.67,4,4.17,0.055
24.669,-0.021623,1.374e-20,0.027465,0.0013718,20.02,-98.056,1,5.677,4,4.177,0.055
24.667,-0.021753,1.3619e-20,0.027463,0.0013718,20.02,-98.061,1,5.684,4,4.184,0.055
24.666,-0.021882,1.3498e-20,0.027461,0.0013718,20.019,-98.066,1,5.691,4,4.191,0.055
24.664,-0.022012,1.3377e-20,0.027459,0.0013717,20.018,-98.072,1,5.698,4,4.198,0.055
24.663,-0.022141,1.3255e-20,0.027457,0.0013717,20.017,-98.077,1,5.705,4,4.205,0.055
24.661,-0.022271,1.3134e-20,0.027455,0.0013716,20.016,-98.082,1,5.712,4,4.212,0.055
24.66,-0.0224,1.3013e-20,0.027453,0.0013716,20.015,-98.088,1,5.719,4,4.219,0.055
24.658,-0.02253,1.2891e-20,0.027451,0.0013716,20.014,-98.093,1,5.726,4,4.226,0.055
24.657,-0.02266,1.277e-20,0.027449,0.0013715,20.013,-98.098,1,5.733,4,4.233,0.055
24.655,-0.022789,1.2649e-20,0.027447,0.0013715,20.012,-98.104,1,5.74,4,4.24,0.055
24.654,-0.022919,1.2528e-20,0.027445,0.0013715,20.012,-98.109,1,5.747,4,4.247,0.055
24.653,-0.022976,1.1944e-20,0.027444,0.0013714,20.011,-98.113,1,5.754,4,4.254,0.055
24.651,-0.022961,1.089e-20,0.027442,0.0013714,20.01,-98.117,1,5.761,4,4.261,0.055
24.65,-0.022945,9.8366e-21,0.02744,0.0013714,20.009,-98.121,1,5.768,4,4.268,0.055
24.649,-0.02293,8.7829e-21,0.027439,0.0013714,20.009,-98.125,1,5.775,4,4.275,0.055
24.647,-0.022915,7.7291e-21,0.027437,0.0013713,20.008,-98.128,1,5.782,4,4.282,0.055
24.646,-0.022899,6.6754e-21,0.027436,0.0013713,20.007,-98.132,1,5.789,4,4.289,0.055
24.645,-0.022884,5.6216e-21,0.027434,0.0013713,20.006,-98.136,1,5.796,4,4.296,0.055
24.644,-0.022868,4.5679e-21,0.027433,0.0013712,20.006,-98.139,1,5.803,4,4.303,0.055
24.642,-0.022853,3.5141e-21,0.027431,0.0013712,20.005,-98.143,1,5.81,4,4.31,0.055
24.641,-0.022837,2.4604e-21,0.02743,0.0013712,20.004,-98.147,1,5.817,4,4.317,0.055
24.64,-0.022822,1.4066e-21,0.027428,0.0013712,20.003,-98.151,1,5.824,4,4.324,0.055
24.638,-0.022806,3.5283e-22,0.027427,0.0013711,20.003,-98.154,1,5.831,4,4.331,0.055
24.637,-0.022791,-7.0094e-22,0.027425,0.0013711,20.002,-98.158,1,5.838,4,4.338,0.055
24.636,-0.022775,-1.7547e-21,0.027423,0.0013711,20.001,-98.162,1,5.845,4,4.345,0.055
24.635,-0.02276,-2.8085e-21,0.027422,0.001371,20.001,-98.165,1,5.852,4,4.352,0.055
24.633,-0.022744,-3.8623e-21,0.02742,0.001371,20,-98.169,1,5.859,4,4.359,0.055
24.632,-0.022729,-4.9161e-21,0.027419,0.001371,19.999,-98.173,1,5.866,4,4.366,0.055
24.631,-0.022713,-5.9699e-21,0.027417,0.001371,19.998,-98.177,1,5.873,4,4.373,0.055
24.629,-0.022698,-7.0237e-21,0.027416,0.0013709,19.998,-98.18,1,5.88,4,4.38,0.055
24.628,-0.022682,-8.0774e-21,0.027414,0.0013709,19.997,-98.184,1,5.887,4,4.387,0.055
24.627,-0.022667,-9.1312e-21,0.027413,0.0013709,19.996,-98.188,1,5.894,4,4.394,0.055
24.625,-0.022651,-1.0185e-20,0.027411,0.0013709,19.995,-98.191,1,5.901,4,4.401,0.055
24.624,-0.022636,-1.1239e-20,0.02741,0.0013708,19.995,-98.195,1,5.908,4,4.408,0.055
24.623,-0.02262,-1.2293e-20,0.027408,0.0013708,19.994,-98.199,1,5.915,4,4.415,0.055
24.622,-0.022605,-1.3346e-20,0.027406,0.0013708,19.993,-98.203,1,5.922,4,4.422,0.055
24.62,-0.022589,-1.44e-20,0.027405,0.0013707,19.993,-98.206,1,5.929,4,4.429,0.055
24.619,-0.022574,-1.5454e-20,0.027403,0.0013707,19.992,-98.21,1,5.936,4,4.436,0.055
24.618,-0.022558,-1.6508e-20,0.027402,0.0013707,19.991,-98.214,1,5.943,4,4.443,0.055
24.616,-0.022543,-1.7562e-20,0.0274,0.0013707,19.99,-98.218,1,5.95,4,4.45,0.055
24.615,-0.022527,-1.8615e-20,0.027399,0.0013706,19.99,-98.221,1,5.957,4,4.457,0.055
24.614,-0.022512,-1.9669e-20,0.027397,0.0013706,19.989,-98.225,1,5.964,4,4.464,0.055
24.613,-0.022497,-2.0723e-20,0.027396,0.0013706,19.988,-98.229,1,5.971,4,4.471,0.055
24.611,-0.022481,-2.1777e-20,0.027394,0.0013706,19.987,-98.232,1,5.978,4,4.478,0.055
24.61,-0.022466,-2.2831e-20,0.027393,0.0013705,19.987,-98.236,1,5.985,4,4.485,0.055
24.609,-0.02245,-2.3885e-20,0.027391,0.0013705,19.986,-98.24,1,5.992,4,4.492,0.055
24.607,-0.022435,-2.4938e-20,0.027389,0.0013705,19.985,-98.244,1,5.999,4,4.499,0.055
24.606,-0.022356,-2.5425e-20,0.027388,0.0013705,19.985,-98.246,1,6.006,4,4.506,0.055
24.605,-0.022262,-2.5766e-20,0.027387,0.0013704,19.984,-98.249,1,6.013,4,4.513,0.055
24.604,-0.022168,-2.6107e-20,0.027386,0.0013704,19.984,-98.251,1,6.02,4,4.52,0.055
24.603,-0.022074,-2.6448e-20,0.027385,0.0013704,19.983,-98.254,1,6.027,4,4.527,0.055
24.602,-0.02198,-2.6789e-20,0.027383,0.0013704,19.982,-98.256,1,6.034,4,4.534,0.055
24.601,-0.021886,-2.7131e-20,0.027382,0.0013703,19.982,-98.259,1,6.041,4,4.541,0.055
24.6,-0.021792,-2.7472e-20,0.027381,0.0013703,19.981,-98.261,1,6.048,4,4.548,0.055
24.599,-0.021698,-2.7813e-20,0.02738,0.0013703,19.981,-98.264,1,6.055,4,4.555,0.055
24.598,-0.021603,-2.8154e-20,0.027379,0.0013703,19.98,-98.266,1,6.062,4,4.562,0.055
24.597,-0.021509,-2.8495e-20,0.027378,0.0013703,19.98,-98.268,1,6.069,4,4.569,0.055
24.596,-0.021415,-2.8836e-20,0.027376,0.0013702,19.979,-98.271,1,6.076,4,4.576,0.055
24.595,-0.021321,-2.9178e-20,0.027375,0.0013702,19.979,-98.273,1,6.083,4,4.583,0.055
24.594,-0.021227,-2.9519e-20,0.027374,0.0013702,19.978,-98.276,1,6.09,4,4.59,0.055
24.593,-0.021133,-2.986e-20,0.027373,0.0013702,19.977,-98.278,1,6.097,4,4.597,0.055
24.592,-0.021039,-3.0201e-20,0.027372,0.0013702,19.977,-98.281,1,6.104,4,4.604,0.055
24.591,-0.020944,-3.0543e-20,0.02737,0.0013701,19.976,-98.283,1,6.111,4,4.611,0.055
24.59,-0.02085,-3.0884e-20,0.027369,0.0013701,19.976,-98.286,1,6.118,4,4.618,0.055
24.589,-0.020756,-3.1225e-20,0.027368,0.0013701,19.975,-98.288,1,6.125,4,4.625,0.055
24.588,-0.020662,-3.1566e-20,0.027367,0.0013701,19.975,-98.291,1,6.132,4,4.632,0.055
24.586,-0.020568,-3.1908e-20,0.027366,0.0013701,19.974,-98.293,1,6.139,4,4.639,0.055
24.585,-0.020474,-3.2249e-20,0.027365,0.00137,19.973,-98.296,1,6.146,4,4.646,0.055
24.584,-0.02038,-3.259e-20,0.027363,0.00137,19.973,-98.298,1,6.153,4,4.653,0.055
24.583,-0.020285,-3.2932e-20,0.027362,0.00137,19.972,-98.3,1,6.16,4,4.66,0.055
24.582,-0.020191,-3.3273e-20,0.027361,0.00137,19.972,-98.303,1,6.167,4,4.667,0.055
24.581,-0.020097,-3.3614e-20,0.02736,0.00137,19.971,-98.305,1,6.174,4,4.674,0.055
24.58,-0.020003,-3.3956e-20,0.027359,0.0013699,19.971,-98.308,1,6.181,4,4.681,0.055
24.579,-0.019909,-3.4297e-20,0.027357,0.0013699,19.97,-98.31,1,6.188,4,4.688,0.055
24.578,-0.019815,-3.4638e-20,0.027356,0.0013699,19.969,-98.313,1,6.195,4,4.695,0.055
24.577,-0.01972,-3.498e-20,0.027355,0.0013699,19.969,-98.315,1,6.202,4,4.702,0.055
24.576,-0.019626,-3.5321e-20,0.027354,0.0013699,19.968,-98.318,1,6.209,4,4.709,0.055
24.575,-0.019532,-3.5662e-20,0.027353,0.0013698,19.968,-98.32,1,6.216,4,4.716,0.055
24.574,-0.019438,-3.6004e-20,0.027352,0.0013698,19.967,-98.323,1,6.223,4,4.723,0.055
24.573,-0.019344,-3.6345e-20,0.02735,0.0013698,19.967,-98.325,1,6.23,4,4.73,0.055
24.572,-0.01925,-3.6687e-20,0.027349,0.0013698,19.966,-98.328,1,6.237,4,4.737,0.055
24.571,-0.019155,-3.7028e-20,0.027348,0.0013698,19.966,-98.33,1,6.244,4,4.744,0.055
24.57,-0.019056,-3.7269e-20,0.027347,0.0013697,19.965,-98.332,1,6.251,4,4.751,0.055
24.569,-0.018904,-3.6569e-20,0.027346,0.0013697,19.965,-98.334,1,6.258,4,4.758,0.055
24.568,-0.018751,-3.587e-20,0.027345,0.0013697,19.964,-98.335,1,6.265,4,4.765,0.055
24.568,-0.018599,-3.5171e-20,0.027344,0.0013697,19.964,-98.337,1,6.272,4,4.772,0.055
24.567,-0.018447,-3.4472e-20,0.027344,0.0013697,19.963,-98.339,1,6.279,4,4.779,0.055
24.566,-0.018295,-3.3773e-20,0.027343,0.0013697,19.963,-98.34,1,6.286,4,4.786,0.055
24.565,-0.018143,-3.3074e-20,0.027342,0.0013696,19.963,-98.342,1,6.293,4,4.793,0.055
24.565,-0.017991,-3.2375e-20,0.027341,0.0013696,19.962,-98.343,1,6.3,4,4.8,0.055
24.564,-0.017839,-3.1676e-20,0.02734,0.0013696,19.962,-98.345,1,6.307,4,4.807,0.055
24.563,-0.017687,-3.0977e-20,0.027339,0.0013696,19.961,-98.346,1,6.314,4,4.814,0.055
24.562,-0.017535,-3.0277e-20,0.027339,0.0013696,19.961,-98.348,1,6.321,4,4.821,0.055
24.562,-0.017383,-2.9578e-20,0.027338,0.0013696,19.961,-98.349,1,6.328,4,4.828,0.055
24.561,-0.017231,-2.8879e-20,0.027337,0.0013696,19.96,-98.351,1,6.335,4,4.835,0.055
24.56,-0.017079,-2.818e-20,0.027336,0.0013695,19.96,-98.353,1,6.342,4,4.842,0.055
24.559,-0.016927,-2.7481e-20,0.027335,0.0013695,19.959,-98.354,1,6.349,4,4.849,0.055
24.558,-0.016775,-2.6782e-20,0.027334,0.0013695,19.959,-98.356,1,6.356,4,4.856,0.055
24.558,-0.016622,-2.6083e-20,0.027334,0.0013695,19.959,-98.357,1,6.363,4,4.863,0.055
24.557,-0.01647,-2.5384e-20,0.027333,0.0013695,19.958,-98.359,1,6.37,4,4.87,0.055
24.556,-0.016318,-2.4685e-20,0.027332,0.0013695,19.958,-98.36,1,6.377,4,4.877,0.055
24.555,-0.016166,-2.3986e-20,0.027331,0.0013695,19.957,-98.362,1,6.384,4,4.884,0.055
24.555,-0.016014,-2.3287e-20,0.02733,0.0013694,19.957,-98.363,1,6.391,4,4.891,0.055
24.554,-0.015862,-2.2588e-20,0.027329,0.0013694,19.957,-98.365,1,6.398,4,4.898,0.055
24.553,-0.01571,-2.1889e-20,0.027329,0.0013694,19.956,-98.366,1,6.405,4,4.905,0.055
24.552,-0.015558,-2.119e-20,0.027328,0.0013694,19.956,-98.368,1,6.412,4,4.912,0.055
24.552,-0.015406,-2.0491e-20,0.027327,0.0013694,19.955,-98.37,1,6.419,4,4.919,0.055
24.551,-0.015254,-1.9792e-20,0.027326,0.0013694,19.955,-98.371,1,6.426,4,4.926,0.055
24.55,-0.015102,-1.9093e-20,0.027325,0.0013694,19.955,-98.373,1,6.433,4,4.933,0.055
24.549,-0.014949,-1.8394e-20,0.027324,0.0013693,19.954,-98.374,1,6.44,4,4.94,0.055
24.549,-0.014797,-1.7695e-20,0.027324,0.0013693,19.954,-98.376,1,6.447,4,4.947,0.055
24.548,-0.014645,-1.6996e-20,0.027323,0.0013693,19.953,-98.377,1,6.454,4,4.954,0.055
24.547,-0.014493,-1.6297e-20,0.027322,0.0013693,19.953,-98.379,1,6.461,4,4.961,0.055
24.546,-0.014341,-1.5598e-20,0.027321,0.0013693,19.953,-98.38,1,6.468,4,4.968,0.055
24.546,-0.014189,-1.4899e-20,0.02732,0.0013693,19.952,-98.382,1,6.475,4,4.975,0.055
24.545,-0.014037,-1.42e-20,0.027319,0.0013693,19.952,-98.383,1,6.482,4,4.982,0.055
24.544,-0.013885,-1.3501e-20,0.027319,0.0013692,19.951,-98.385,1,6.489,4,4.989,0.055
24.543,-0.013733,-1.2802e-20,0.027318,0.0013692,19.951,-98.387,1,6.496,4,4.996,0.055
24.543,-0.013567,-1.2243e-20,0.027317,0.0013692,19.951,-98.388,1,6.503,4,5.003,0.055
24.542,-0.013382,-1.1896e-20,0.027317,0.0013692,19.95,-98.389,1,6.51,4,5.01,0.055
24.542,-0.013196,-1.1549e-20,0.027316,0.0013692,19.95,-98.389,1,6.517,4,5.017,0.055
24.541,-0.013011,-1.1202e-20,0.027316,0.0013692,19.95,-98.39,1,6.524,4,5.024,0.055
24.541,-0.012825,-1.0856e-20,0.027315,0.0013692,19.95,-98.391,1,6.531,4,5.031,0.055
24.54,-0.01264,-1.0509e-20,0.027315,0.0013692,19.949,-98.392,1,6.538,4,5.038,0.055
24.54,-0.012454,-1.0162e-20,0.027314,0.0013692,19.949,-98.393,1,6.545,4,5.045,0.055
24.54,-0.012268,-9.8151e-21,0.027314,0.0013692,19.949,-98.394,1,6.552,4,5.052,0.055
24.539,-0.012083,-9.4683e-21,0.027313,0.0013692,19.949,-98.395,1,6.559,4,5.059,0.055
24.539,-0.011897,-9.1215e-21,0.027313,0.0013691,19.949,-98.395,1,6.566,4,5.066,0.055
24.538,-0.011712,-8.7746e-21,0.027312,0.0013691,19.948,-98.396,1,6.573,4,5.073,0.055
24.538,-0.011526,-8.4278e-21,0.027312,0.0013691,19.948,-98.397,1,6.58,4,5.08,0.055
24.537,-0.011341,-8.0809e-21,0.027311,0.0013691,19.948,-98.398,1,6.587,4,5.087,0.055
24.537,-0.011155,-7.7341e-21,0.027311,0.0013691,19.948,-98.399,1,6.594,4,5.094,0.055
24.536,-0.01097,-7.3872e-21,0.02731,0.0013691,19.947,-98.4,1,6.601,4,5.101,0.055
24.536,-0.010784,-7.0403e-21,0.02731,0.0013691,19.947,-98.4,1,6.608,4,5.108,0.055
24.535,-0.010599,-6.6934e-21,0.027309,0.0013691,19.947,-98.401,1,6.615,4,5.115,0.055
24.535,-0.010413,-6.3465e-21,0.027309,0.0013691,19.947,-98.402,1,6.622,4,5.122,0.055
24.534,-0.010227,-5.9996e-21,0.027308,0.0013691,19.946,-98.403,1,6.629,4,5.129,0.055
24.534,-0.010042,-5.6527e-21,0.027308,0.0013691,19.946,-98.404,1,6.636,4,5.136,0.055
24.534,-0.0098563,-5.3058e-21,0.027307,0.0013691,19.946,-98.405,1,6.643,4,5.143,0.055
24.533,-0.0096707,-4.9589e-21,0.027307,0.001369,19.946,-98.405,1,6.65,4,5.15,0.055
24.533,-0.0094852,-4.612e-21,0.027306,0.001369,19.945,-98.406,1,6.657,4,5.157,0.055
24.532,-0.0092996,-4.265e-21,0.027306,0.001369,19.945,-98.407,1,6.664,4,5.164,0.055
24.532,-0.009114,-3.9181e-21,0.027305,0.001369,19.945,-98.408,1,6.671,4,5.171,0.055
24.531,-0.0089285,-3.5712e-21,0.027305,0.001369,19.945,-98.409,1,6.678,4,5.178,0.055
24.531,-0.0087429,-3.2242e-21,0.027304,0.001369,19.944,-98.41,1,6.685,4,5.185,0.055
24.53,-0.0085573,-2.8773e-21,0.027304,0.001369,19.944,-98.41,1,6.692,4,5.192,0.055
24.53,-0.0083717,-2.5303e-21,0.027303,0.001369,19.944,-98.411,1,6.699,4,5.199,0.055
24.529,-0.0081862,-2.1833e-21,0.027303,0.001369,19.944,-98.412,1,6.706,4,5.206,0.055
24.529,-0.0080006,-1.8364e-21,0.027302,0.001369,19.944,-98.413,1,6.713,4,5.213,0.055
24.529,-0.007815,-1.4894e-21,0.027302,0.001369,19.943,-98.414,1,6.72,4,5.22,0.055
24.528,-0.0076294,-1.1424e-21,0.027301,0.0013689,19.943,-98.415,1,6.727,4,5.227,0.055
24.528,-0.0074438,-7.9537e-22,0.027301,0.0013689,19.943,-98.415,1,6.734,4,5.234,0.055
24.527,-0.0072582,-4.4837e-22,0.0273,0.0013689,19.943,-98.416,1,6.741,4,5.241,0.055
24.527,-0.0070726,-1.0136e-22,0.0273,0.0013689,19.942,-98.417,1,6.748,4,5.248,0.055
24.526,-0.0068794,3.1282e-24,0.027299,0.0013689,19.942,-98.417,1,6.755,4,5.255,0.055
24.526,-0.0066829,2.9697e-24,0.027299,0.0013689,19.942,-98.418,1,6.762,4,5.262,0.055
24.526,-0.0064863,2.8152e-24,0.027299,0.0013689,19.942,-98.418,1,6.769,4,5.269,0.055
24.526,-0.0062898,2.6648e-24,0.027299,0.0013689,19.942,-98.418,1,6.776,4,5.276,0.055
24.526,-0.0060933,2.5184e-24,0.027299,0.0013689,19.942,-98.418,1,6.783,4,5.283,0.055
24.526,-0.0058968,2.3761e-24,0.027299,0.0013689,19.942,-98.419,1,6.79,4,5.29,0.055
24.526,-0.0057002,2.2379e-24,0.027298,0.0013689,19.942,-98.419,1,6.797,4,5.297,0.055
24.525,-0.0055037,2.1038e-24,0.027298,0.0013689,19.942,-98.419,1,6.804,4,5.304,0.055
24.525,-0.0053072,1.9737e-24,0.027298,0.0013689,19.942,-98.419,1,6.811,4,5.311,0.055
24.525,-0.0051106,1.8477e-24,0.027298,0.0013689,19.942,-98.42,1,6.818,4,5.318,0.055
24.525,-0.0049141,1.7258e-24,0.027298,0.0013689,19.941,-98.42,1,6.825,4,5.325,0.055
24.525,-0.0047175,1.6079e-24,0.027298,0.0013689,19.941,-98.42,1,6.832,4,5.332,0.055
24.525,-0.004521,1.4941e-24,0.027297,0.0013689,19.941,-98.42,1,6.839,4,5.339,0.055
24.524,-0.0043244,1.3844e-24,0.027297,0.0013689,19.941,-98.421,1,6.846,4,5.346,0.055
24.524,-0.0041279,1.2787e-24,0.027297,0.0013689,19.941,-98.421,1,6.853,4,5.353,0.055
24.524,-0.0039313,1.1771e-24,0.027297,0.0013689,19.941,-98.421,1,6.86,4,5.36,0.055
24.524,-0.0037348,1.0796e-24,0.027297,0.0013689,19.941,-98.422,1,6.867,4,5.367,0.055
24.524,-0.0035382,9.8615e-25,0.027297,0.0013689,19.941,-98.422,1,6.874,4,5.374,0.055
24.524,-0.0033417,8.9677e-25,0.027297,0.0013689,19.941,-98.422,1,6.881,4,5.381,0.055
24.523,-0.0031451,8.1147e-25,0.027296,0.0013689,19.941,-98.422,1,6.888,4,5.388,0.055
24.523,-0.0029486,7.3023e-25,0.027296,0.0013689,19.941,-98.423,1,6.895,4,5.395,0.055
24.523,-0.002752,6.5306e-25,0.027296,0.0013689,19.941,-98.423,1,6.902,4,5.402,0.055
24.523,-0.0025554,5.7996e-25,0.027296,0.0013689,19.94,-98.423,1,6.909,4,5.409,0.055
24.523,-0.0023589,5.1093e-25,0.027296,0.0013689,19.94,-98.423,1,6.916,4,5.416,0.055
24.523,-0.0021623,4.4597e-25,0.027296,0.0013689,19.94,-98.424,1,6.923,4,5.423,0.055
24.523,-0.0019658,3.8508e-25,0.027295,0.0013688,19.94,-98.424,1,6.93,4,5.43,0.055
24.522,-0.0017692,3.2826e-25,0.027295,0.0013688,19.94,-98.424,1,6.937,4,5.437,0.055
24.522,-0.0015726,2.7551e-25,0.027295,0.0013688,19.94,-98.424,1,6.944,4,5.444,0.055
24.522,-0.001376,2.2682e-25,0.027295,0.0013688,19.94,-98.425,1,6.951,4,5.451,0.055
24.522,-0.0011795,1.8221e-25,0.027295,0.0013688,19.94,-98.425,1,6.958,4,5.458,0.055
24.522,-0.00098289,1.4167e-25,0.027295,0.0013688,19.94,-98.425,1,6.965,4,5.465,0.055
24.522,-0.00078632,1.052e-25,0.027294,0.0013688,19.94,-98.425,1,6.972,4,5.472,0.055
24.521,-0.00058974,7.2792e-26,0.027294,0.0013688,19.94,-98.426,1,6.979,4,5.479,0.055
24.521,-0.00039316,4.4459e-26,0.027294,0.0013688,19.94,-98.426,1,6.986,4,5.486,0.055
24.521,-0.00019658,2.0195e-26,0.027294,0.0013688,19.94,-98.426,1,6.993,4,5.493,0.055
24.521,0,0,0.027294,0.0013688,19.939,-98.426,1,7,4,5.5,0.055
